,Date3,DateUSD,1Y.USD,10Y.USD,DateEuro,1Y.Euro,10Y.Euro,DateUK,1Y.UK,10Y.UK,DateDE,1Y.DE,10Y.DE,1Y.europe,10Y.europe,Year
1,1/1/1970,NA,7.02,9.25,NA,NA,NA,1/31/1970,8.64,8.28,NA,NA,NA,8.64,8.28,1970
2,2/1/1970,NA,7.02,9.25,NA,NA,NA,2/28/1970,8.41,8.05,NA,NA,NA,8.41,8.05,1970
3,3/1/1970,NA,7.02,9.25,NA,NA,NA,3/31/1970,7.74,7.85,NA,NA,NA,7.74,7.85,1970
4,4/1/1970,NA,7.02,9.25,NA,NA,NA,4/30/1970,7.61,8.04,NA,NA,NA,7.61,8.04,1970
5,5/1/1970,NA,7.02,9.25,NA,NA,NA,5/31/1970,7.39,7.63,NA,NA,NA,7.39,7.63,1970
6,6/1/1970,NA,7.02,9.25,NA,NA,NA,6/30/1970,7.36,7.37,NA,NA,NA,7.36,7.37,1970
7,7/1/1970,NA,7.02,9.25,NA,NA,NA,7/31/1970,7.19,7.56,NA,NA,NA,7.19,7.56,1970
8,8/1/1970,NA,7.02,9.25,NA,NA,NA,8/31/1970,7.01,7.68,NA,NA,NA,7.01,7.68,1970
9,9/1/1970,NA,7.02,9.25,NA,NA,NA,9/30/1970,7.03,7.61,NA,NA,NA,7.03,7.61,1970
10,10/1/1970,NA,7.02,9.25,NA,NA,NA,10/31/1970,7.31,7.76,NA,NA,NA,7.31,7.76,1970
11,11/1/1970,NA,7.02,9.25,NA,NA,NA,11/30/1970,7.24,8.01,NA,NA,NA,7.24,8.01,1970
12,12/1/1970,NA,7.02,9.25,NA,NA,NA,12/31/1970,7.13,7.87,NA,NA,NA,7.13,7.87,1970
13,1/1/1971,NA,5.58,8.9,NA,NA,NA,1/31/1971,6.93,8.41,NA,NA,NA,6.93,8.41,1971
14,2/1/1971,NA,5.58,8.9,NA,NA,NA,2/28/1971,7.11,8.34,NA,NA,NA,7.11,8.34,1971
15,3/1/1971,NA,5.58,8.9,NA,NA,NA,3/31/1971,6.71,7.99,NA,NA,NA,6.71,7.99,1971
16,4/1/1971,NA,5.58,8.9,NA,NA,NA,4/30/1971,6.29,7.94,NA,NA,NA,6.29,7.94,1971
17,5/1/1971,NA,5.58,8.9,NA,NA,NA,5/31/1971,5.6,8.48,NA,NA,NA,5.6,8.48,1971
18,6/1/1971,NA,5.58,8.9,NA,NA,NA,6/30/1971,5.61,8.01,NA,NA,NA,5.61,8.01,1971
19,7/1/1971,NA,5.58,8.9,NA,NA,NA,7/31/1971,5.49,8.22,NA,NA,NA,5.49,8.22,1971
20,8/1/1971,NA,5.58,8.9,NA,NA,NA,8/31/1971,5.31,8.01,NA,NA,NA,5.31,8.01,1971
21,9/1/1971,NA,5.58,8.9,NA,NA,NA,9/30/1971,4.93,7.44,NA,NA,NA,4.93,7.44,1971
22,10/1/1971,NA,5.58,8.9,NA,NA,NA,10/31/1971,4.7,7.28,NA,NA,NA,4.7,7.28,1971
23,11/1/1971,NA,5.58,8.9,NA,NA,NA,11/30/1971,4.31,6.95,NA,NA,NA,4.31,6.95,1971
24,12/1/1971,NA,5.58,8.9,NA,NA,NA,12/31/1971,4.14,7.36,NA,NA,NA,4.14,7.36,1971
25,1/1/1972,NA,5.52,8.97,NA,NA,NA,1/31/1972,4.45,6.63,NA,NA,NA,4.45,6.63,1972
26,2/1/1972,NA,5.52,8.97,NA,NA,NA,2/29/1972,4.4,6.83,NA,NA,NA,4.4,6.83,1972
27,3/1/1972,NA,5.52,8.97,NA,NA,NA,3/31/1972,4.42,7.3,NA,NA,NA,4.42,7.3,1972
28,4/1/1972,NA,5.52,8.97,NA,NA,NA,4/30/1972,4.43,7.31,NA,NA,NA,4.43,7.31,1972
29,5/1/1972,NA,5.52,8.97,NA,NA,NA,5/31/1972,4.51,8.42,NA,NA,NA,4.51,8.42,1972
30,6/1/1972,NA,5.52,8.97,NA,NA,NA,6/30/1972,6.44,8.41,NA,NA,NA,6.44,8.41,1972
31,7/1/1972,NA,5.52,8.97,NA,NA,NA,7/31/1972,6.4,8.8,NA,NA,NA,6.4,8.8,1972
32,8/1/1972,NA,5.52,8.97,NA,NA,NA,8/31/1972,6.13,9.3,NA,NA,NA,6.13,9.3,1972
33,9/1/1972,NA,5.52,8.97,NA,NA,NA,9/30/1972,6.52,9.07,9/30/1972,6.7,8.08,6.628,8.476,1972
34,10/1/1972,NA,5.52,8.97,NA,NA,NA,10/31/1972,NA,9.17,10/31/1972,7.04,8.36,7.04,8.684,1972
35,11/1/1972,NA,5.52,8.97,NA,NA,NA,11/30/1972,NA,9.28,11/30/1972,9.09,8.55,9.09,8.842,1972
36,12/1/1972,NA,5.52,8.97,NA,NA,NA,12/31/1972,7.84,9.38,12/31/1972,6.92,8.73,7.288,8.99,1972
37,1/1/1973,NA,9.38,10.78,NA,NA,NA,1/31/1973,7.41,9.45,1/31/1973,6.42,8.84,6.816,9.084,1973
38,2/1/1973,NA,9.38,10.78,NA,NA,NA,2/28/1973,8.23,9.61,2/28/1973,7.05,8.62,7.522,9.016,1973
39,3/1/1973,NA,9.38,10.78,NA,NA,NA,3/31/1973,7.83,9.81,3/31/1973,6.97,8.74,7.314,9.168,1973
40,4/1/1973,NA,9.38,10.78,NA,NA,NA,4/30/1973,7.52,9.85,4/30/1973,8.33,8.82,8.006,9.232,1973
41,5/1/1973,NA,9.38,10.78,NA,NA,NA,5/31/1973,7.18,9.5,5/31/1973,8.95,9.62,8.242,9.572,1973
42,6/1/1973,NA,9.38,10.78,NA,NA,NA,6/30/1973,7,9.69,6/30/1973,10.61,9.85,9.166,9.786,1973
43,7/1/1973,NA,9.38,10.78,NA,NA,NA,7/31/1973,9.55,10.37,7/31/1973,10.21,9.87,9.946,10.07,1973
44,8/1/1973,NA,9.38,10.78,NA,NA,NA,8/31/1973,9.97,10.84,8/31/1973,9.15,9.42,9.478,9.988,1973
45,9/1/1973,NA,9.38,10.78,NA,NA,NA,9/30/1973,10.17,11.06,9/30/1973,9.36,9.58,9.684,10.172,1973
46,10/1/1973,NA,9.38,10.78,NA,NA,NA,10/31/1973,9.99,11.07,10/31/1973,8.84,9.41,9.3,10.074,1973
47,11/1/1973,NA,9.38,10.78,NA,NA,NA,11/30/1973,11.63,12.01,11/30/1973,10.19,9.67,10.766,10.606,1973
48,12/1/1973,NA,9.38,10.78,NA,NA,NA,12/31/1973,11.15,11.94,12/31/1973,10.39,9.83,10.694,10.674,1973
49,1/1/1974,NA,11.38,14.77,NA,NA,NA,1/31/1974,10.88,12.69,1/31/1974,9.37,9.65,9.974,10.866,1974
50,2/1/1974,NA,11.38,14.77,NA,NA,NA,2/28/1974,10.72,12.62,2/28/1974,10.43,10.52,10.546,11.36,1974
51,3/1/1974,NA,11.38,14.77,NA,NA,NA,3/31/1974,11.68,13.11,3/31/1974,10.05,10.52,10.702,11.556,1974
52,4/1/1974,NA,11.38,14.77,NA,NA,NA,4/30/1974,11.24,13.04,4/30/1974,10.04,10.46,10.52,11.492,1974
53,5/1/1974,NA,11.38,14.77,NA,NA,NA,5/31/1974,10.59,12.84,5/31/1974,8.8,10.78,9.516,11.604,1974
54,6/1/1974,NA,11.38,14.77,NA,NA,NA,6/30/1974,11.32,13.52,6/30/1974,9.89,11.22,10.462,12.14,1974
55,7/1/1974,NA,11.38,14.77,NA,NA,NA,7/31/1974,10.12,13.31,7/31/1974,9.49,11.3,9.742,12.104,1974
56,8/1/1974,NA,11.38,14.77,NA,NA,NA,8/31/1974,10.47,14.31,8/31/1974,9.69,11.17,10.002,12.426,1974
57,9/1/1974,NA,11.38,14.77,NA,NA,NA,9/30/1974,9.94,13.74,9/30/1974,9.7,11.17,9.796,12.198,1974
58,10/1/1974,NA,11.38,14.77,NA,NA,NA,10/31/1974,9.31,14.89,10/31/1974,9.32,10.97,9.316,12.538,1974
59,11/1/1974,NA,11.38,14.77,NA,NA,NA,11/30/1974,10.64,15.44,11/30/1974,8.73,10.48,9.494,12.464,1974
60,12/1/1974,NA,11.38,14.77,NA,NA,NA,12/31/1974,11.34,15.93,12/31/1974,8.65,10.04,9.726,12.396,1974
61,1/1/1975,NA,10.18,14.39,NA,NA,NA,1/31/1975,9.96,13.02,1/31/1975,7.48,9.49,8.472,10.902,1975
62,2/1/1975,NA,10.18,14.39,NA,NA,NA,2/28/1975,9.66,13.04,2/28/1975,6.5,9.46,7.764,10.892,1975
63,3/1/1975,NA,10.18,14.39,NA,NA,NA,3/31/1975,9.44,11.96,3/31/1975,6.42,9.57,7.628,10.526,1975
64,4/1/1975,NA,10.18,14.39,NA,NA,NA,4/30/1975,9.52,13.1,4/30/1975,5.94,9.06,7.372,10.676,1975
65,5/1/1975,NA,10.18,14.39,NA,NA,NA,5/31/1975,9.21,12.88,5/31/1975,5.58,8.77,7.032,10.414,1975
66,6/1/1975,NA,10.18,14.39,NA,NA,NA,6/30/1975,9.41,12.78,6/30/1975,5.69,8.74,7.178,10.356,1975
67,7/1/1975,NA,10.18,14.39,NA,NA,NA,7/31/1975,10.15,12.23,7/31/1975,5.42,8.71,7.312,10.118,1975
68,8/1/1975,NA,10.18,14.39,NA,NA,NA,8/31/1975,9.87,12.99,8/31/1975,5.34,8.71,7.152,10.422,1975
69,9/1/1975,NA,10.18,14.39,NA,NA,NA,9/30/1975,10.31,13.03,9/30/1975,5.57,8.85,7.466,10.522,1975
70,10/1/1975,NA,10.18,14.39,NA,NA,NA,10/31/1975,11.11,13.63,10/31/1975,6.25,9.09,8.194,10.906,1975
71,11/1/1975,NA,10.18,14.39,NA,NA,NA,11/30/1975,10.87,13.43,11/30/1975,5.92,8.6,7.9,10.532,1975
72,12/1/1975,NA,10.18,14.39,NA,NA,NA,12/31/1975,10.6,13.28,12/31/1975,5.78,8.53,7.708,10.43,1975
73,1/1/1976,NA,11.15,14.43,NA,NA,NA,1/31/1976,9.28,11.87,1/31/1976,5.23,8.54,6.85,9.872,1976
74,2/1/1976,NA,11.15,14.43,NA,NA,NA,2/29/1976,8.6,12.63,2/29/1976,4.81,8.34,6.326,10.056,1976
75,3/1/1976,NA,11.15,14.43,NA,NA,NA,3/31/1976,8.51,12.73,3/31/1976,4.58,8.28,6.152,10.06,1976
76,4/1/1976,NA,11.15,14.43,NA,NA,NA,4/30/1976,9.84,12.45,4/30/1976,4.37,8.53,6.558,10.098,1976
77,5/1/1976,NA,11.15,14.43,NA,NA,NA,5/31/1976,11.13,12.61,5/31/1976,4.93,8.88,7.41,10.372,1976
78,6/1/1976,NA,11.15,14.43,NA,NA,NA,6/30/1976,10.33,13.03,6/30/1976,5,8.84,7.132,10.516,1976
79,7/1/1976,NA,11.15,14.43,NA,NA,NA,7/31/1976,11.05,13.09,7/31/1976,6,8.92,8.02,10.588,1976
80,8/1/1976,NA,11.15,14.43,NA,NA,NA,8/31/1976,10.61,13.41,8/31/1976,5.6,8.67,7.604,10.566,1976
81,9/1/1976,NA,11.15,14.43,NA,NA,NA,9/30/1976,12.23,13.88,9/30/1976,5.53,8.35,8.21,10.562,1976
82,10/1/1976,NA,11.15,14.43,NA,NA,NA,10/31/1976,13.72,14.66,10/31/1976,5.61,8.14,8.854,10.748,1976
83,11/1/1976,NA,11.15,14.43,NA,NA,NA,11/30/1976,13.13,14.02,11/30/1976,5.08,7.65,8.3,10.198,1976
84,12/1/1976,NA,11.15,14.43,NA,NA,NA,12/31/1976,12.56,14.13,12/31/1976,5.31,7.76,8.21,10.308,1976
85,1/1/1977,NA,5.27,8.02,NA,NA,NA,1/31/1977,11.18,12.9,1/31/1977,5.35,7.42,7.682,9.612,1977
86,2/1/1977,NA,5.27,8.02,NA,NA,NA,2/28/1977,10.28,13.03,2/28/1977,5.13,7.39,7.19,9.646,1977
87,3/1/1977,NA,5.27,8.02,NA,NA,NA,3/31/1977,8.68,11.4,3/31/1977,4.7,7.08,6.292,8.808,1977
88,4/1/1977,NA,5.27,8.02,NA,NA,NA,4/30/1977,7.98,11.94,4/30/1977,4.54,6.75,5.916,8.826,1977
89,5/1/1977,NA,5.27,8.02,NA,NA,NA,5/31/1977,9.1,12,5/31/1977,4.46,6.86,6.316,8.916,1977
90,6/1/1977,NA,5.27,8.02,NA,NA,NA,6/30/1977,8.98,12.61,6/30/1977,4.34,6.83,6.196,9.142,1977
91,7/1/1977,NA,5.27,8.02,NA,NA,NA,7/31/1977,9,12.72,7/31/1977,4.52,6.63,6.312,9.066,1977
92,8/1/1977,NA,5.27,8.02,NA,NA,NA,8/31/1977,6.41,10.29,8/31/1977,4.38,6.56,5.192,8.052,1977
93,9/1/1977,NA,5.27,8.02,NA,NA,NA,9/30/1977,6.15,10.28,9/30/1977,4.27,6.5,5.022,8.012,1977
94,10/1/1977,NA,5.27,8.02,NA,NA,NA,10/31/1977,5.87,10.31,10/31/1977,4.27,6.5,4.91,8.024,1977
95,11/1/1977,NA,5.27,8.02,NA,NA,NA,11/30/1977,7.79,10.93,11/30/1977,4.28,6.44,5.684,8.236,1977
96,12/1/1977,NA,5.27,8.02,NA,NA,NA,12/31/1977,6.57,10.69,12/31/1977,4.06,6.34,5.064,8.08,1977
97,1/1/1978,NA,7.19,8.73,NA,NA,NA,1/31/1978,6.99,11.22,1/31/1978,3.99,6.27,5.19,8.25,1978
98,2/1/1978,NA,7.19,8.73,NA,NA,NA,2/28/1978,7.13,11.55,2/28/1978,3.66,6.05,5.048,8.25,1978
99,3/1/1978,NA,7.19,8.73,NA,NA,NA,3/31/1978,7.4,11.39,3/31/1978,3.58,5.97,5.108,8.138,1978
100,4/1/1978,NA,7.19,8.73,NA,NA,NA,4/30/1978,8.51,11.88,4/30/1978,3.52,6.05,5.516,8.382,1978
101,5/1/1978,NA,7.19,8.73,NA,NA,NA,5/31/1978,9.27,11.66,5/31/1978,3.84,6.06,6.012,8.3,1978
102,6/1/1978,NA,7.19,8.73,NA,NA,NA,6/30/1978,9.83,12.2,6/30/1978,3.98,6.19,6.32,8.594,1978
103,7/1/1978,NA,7.19,8.73,NA,NA,NA,7/31/1978,9.62,12.16,7/31/1978,4,6.54,6.248,8.788,1978
104,8/1/1978,NA,7.19,8.73,NA,NA,NA,8/31/1978,9.5,12.04,8/31/1978,4.38,6.42,6.428,8.668,1978
105,9/1/1978,NA,7.19,8.73,NA,NA,NA,9/30/1978,9.46,11.97,9/30/1978,4.3,6.39,6.364,8.622,1978
106,10/1/1978,NA,7.19,8.73,NA,NA,NA,10/31/1978,10.87,11.95,10/31/1978,3.9,6.61,6.688,8.746,1978
107,11/1/1978,NA,7.19,8.73,NA,NA,NA,11/30/1978,11.16,12.15,11/30/1978,4.24,6.72,7.008,8.892,1978
108,12/1/1978,NA,7.19,8.73,NA,NA,NA,12/31/1978,11.48,12.61,12/31/1978,4.21,6.82,7.118,9.136,1978
109,1/1/1979,NA,10.07,9.63,NA,NA,NA,1/31/1979,12.11,13.42,1/31/1979,4.47,7.14,7.526,9.652,1979
110,2/1/1979,NA,10.07,9.63,NA,NA,NA,2/28/1979,10.84,12.26,2/28/1979,4.62,7.36,7.108,9.32,1979
111,3/1/1979,NA,10.07,9.63,NA,NA,NA,3/31/1979,10.26,10.92,3/31/1979,4.89,7.41,7.038,8.814,1979
112,4/1/1979,NA,10.07,9.63,NA,NA,NA,4/30/1979,10.05,11.1,4/30/1979,5.96,7.68,7.596,9.048,1979
113,5/1/1979,NA,10.07,9.63,NA,NA,NA,5/31/1979,10.93,11.41,5/31/1979,6.84,8.07,8.476,9.406,1979
114,6/1/1979,NA,10.07,9.63,NA,NA,NA,6/30/1979,12.08,12.27,6/30/1979,6.94,8.11,8.996,9.774,1979
115,7/1/1979,NA,10.07,9.63,NA,NA,NA,7/31/1979,12.47,12.18,7/31/1979,7.13,7.75,9.266,9.522,1979
116,8/1/1979,NA,10.07,9.63,NA,NA,NA,8/31/1979,12.25,11.81,8/31/1979,7.2,7.57,9.22,9.266,1979
117,9/1/1979,NA,10.07,9.63,NA,NA,NA,9/30/1979,12.44,11.86,9/30/1979,7.91,7.45,9.722,9.214,1979
118,10/1/1979,NA,10.07,9.63,NA,NA,NA,10/31/1979,13.14,12.61,10/31/1979,8.43,8.03,10.314,9.862,1979
119,11/1/1979,NA,10.07,9.63,NA,NA,NA,11/30/1979,14.38,13.71,11/30/1979,8.42,7.82,10.804,10.176,1979
120,12/1/1979,NA,10.07,9.63,NA,NA,NA,12/31/1979,14.33,13.92,12/31/1979,8.4,7.89,10.772,10.302,1979
121,1/1/1980,NA,11.39,11.94,NA,NA,NA,1/31/1980,14.41,13.54,1/31/1980,8.4,8.1,10.804,10.276,1980
122,2/1/1980,NA,11.39,11.94,NA,NA,NA,2/29/1980,14.95,13.68,2/29/1980,9.15,8.91,11.47,10.818,1980
123,3/1/1980,NA,11.39,11.94,NA,NA,NA,3/31/1980,14.94,13.66,3/31/1980,10,9.75,11.976,11.314,1980
124,4/1/1980,NA,11.39,11.94,NA,NA,NA,4/30/1980,13.88,13.11,4/30/1980,9.55,8.91,11.282,10.59,1980
125,5/1/1980,NA,11.39,11.94,NA,NA,NA,5/31/1980,13.76,12.79,5/31/1980,9.35,8.21,11.114,10.042,1980
126,6/1/1980,NA,11.39,11.94,NA,NA,NA,6/30/1980,13.43,12.9,6/30/1980,8.66,7.97,10.568,9.942,1980
127,7/1/1980,NA,11.39,11.94,NA,NA,NA,7/31/1980,13,12.72,7/31/1980,8.21,7.74,10.126,9.732,1980
128,8/1/1980,NA,11.39,11.94,NA,NA,NA,8/31/1980,13.9,13.2,8/31/1980,8.24,7.91,10.504,10.026,1980
129,9/1/1980,NA,11.39,11.94,NA,NA,NA,9/30/1980,12.86,12.82,9/30/1980,8.56,8.23,10.28,10.066,1980
130,10/1/1980,NA,11.39,11.94,NA,NA,NA,10/31/1980,12.92,12.51,10/31/1980,8.64,8.46,10.352,10.08,1980
131,11/1/1980,NA,11.39,11.94,NA,NA,NA,11/30/1980,12.73,12.52,11/30/1980,8.99,8.64,10.486,10.192,1980
132,12/1/1980,NA,11.39,11.94,NA,NA,NA,12/31/1980,12.81,13.31,12/31/1980,9.41,8.94,10.77,10.688,1980
133,1/1/1981,NA,14.04,14.17,NA,NA,NA,1/31/1981,12.4,13.4,1/31/1981,9.39,9.04,10.594,10.784,1981
134,2/1/1981,NA,14.04,14.17,NA,NA,NA,2/28/1981,11.74,13.23,2/28/1981,11.23,10.24,11.434,11.436,1981
135,3/1/1981,NA,14.04,14.17,NA,NA,NA,3/31/1981,11.86,13.01,3/31/1981,11.74,9.63,11.788,10.982,1981
136,4/1/1981,NA,14.04,14.17,NA,NA,NA,4/30/1981,11.79,13.19,4/30/1981,11.67,9.72,11.718,11.108,1981
137,5/1/1981,NA,14.04,14.17,NA,NA,NA,5/31/1981,12.1,13.38,5/31/1981,12.69,10.22,12.454,11.484,1981
138,6/1/1981,NA,14.04,14.17,NA,NA,NA,6/30/1981,12.11,14.15,6/30/1981,12.53,9.88,12.362,11.588,1981
139,7/1/1981,NA,14.04,14.17,NA,NA,NA,7/31/1981,13.47,14.58,7/31/1981,12.69,9.96,13.002,11.808,1981
140,8/1/1981,NA,14.04,14.17,NA,NA,NA,8/31/1981,12.95,14.72,8/31/1981,13.17,10.06,13.082,11.924,1981
141,9/1/1981,NA,14.04,14.17,NA,NA,NA,9/30/1981,14.96,15.44,9/30/1981,12.12,9.98,13.256,12.164,1981
142,10/1/1981,NA,14.04,14.17,NA,NA,NA,10/31/1981,14.72,15.22,10/31/1981,11.36,9.85,12.704,11.998,1981
143,11/1/1981,NA,14.04,14.17,NA,NA,NA,11/30/1981,13.42,14.26,11/30/1981,10.1,9.61,11.428,11.47,1981
144,12/1/1981,NA,14.04,14.17,NA,NA,NA,12/31/1981,14.39,15.07,12/31/1981,10.43,9.61,12.014,11.794,1981
145,1/1/1982,NA,10.6,13.79,NA,NA,NA,1/31/1982,13.59,14.64,1/31/1982,10.24,9.67,11.58,11.658,1982
146,2/1/1982,NA,10.6,13.79,NA,NA,NA,2/28/1982,12.76,13.76,2/28/1982,9.97,9.64,11.086,11.288,1982
147,3/1/1982,NA,10.6,13.79,NA,NA,NA,3/31/1982,12.53,13.79,3/31/1982,9.36,9.17,10.628,11.018,1982
148,4/1/1982,NA,10.6,13.79,NA,NA,NA,4/30/1982,12.81,14.13,4/30/1982,8.95,8.62,10.494,10.824,1982
149,5/1/1982,NA,10.6,13.79,NA,NA,NA,5/31/1982,12.07,13.91,5/31/1982,8.78,8.67,10.096,10.766,1982
150,6/1/1982,NA,10.6,13.79,NA,NA,NA,6/30/1982,12.14,13.88,6/30/1982,9.39,9.24,10.49,11.096,1982
151,7/1/1982,NA,10.6,13.79,NA,NA,NA,7/31/1982,11.08,13.28,7/31/1982,9.18,8.99,9.94,10.706,1982
152,8/1/1982,NA,10.6,13.79,NA,NA,NA,8/31/1982,9.98,12.04,8/31/1982,8.55,8.85,9.122,10.126,1982
153,9/1/1982,NA,10.6,13.79,NA,NA,NA,9/30/1982,9.78,11.66,9/30/1982,7.98,8.46,8.7,9.74,1982
154,10/1/1982,NA,10.6,13.79,NA,NA,NA,10/31/1982,8.61,10.74,10/31/1982,7.47,8.14,7.926,9.18,1982
155,11/1/1982,NA,10.6,13.79,NA,NA,NA,11/30/1982,10.12,11.73,11/30/1982,7.27,8.08,8.41,9.54,1982
156,12/1/1982,NA,10.6,13.79,NA,NA,NA,12/31/1982,10.09,11.33,12/31/1982,6.6,7.82,7.996,9.224,1982
157,1/1/1983,NA,8.62,12.04,NA,NA,NA,1/31/1983,10.85,12.13,1/31/1983,5.88,8.04,7.868,9.676,1983
158,2/1/1983,NA,8.62,12.04,NA,NA,NA,2/28/1983,10.37,11.58,2/28/1983,5.89,7.77,7.682,9.294,1983
159,3/1/1983,NA,8.62,12.04,NA,NA,NA,3/31/1983,10.35,11.28,3/31/1983,5.48,7.73,7.428,9.15,1983
160,4/1/1983,NA,8.62,12.04,NA,NA,NA,4/30/1983,9.86,11.15,4/30/1983,5.51,7.88,7.25,9.188,1983
161,5/1/1983,NA,8.62,12.04,NA,NA,NA,5/31/1983,10.06,10.97,5/31/1983,6.15,8.27,7.714,9.35,1983
162,6/1/1983,NA,8.62,12.04,NA,NA,NA,6/30/1983,10,11.12,6/30/1983,6.39,8.13,7.834,9.326,1983
163,7/1/1983,NA,8.62,12.04,NA,NA,NA,7/31/1983,10.53,11.68,7/31/1983,6.53,8.33,8.13,9.67,1983
164,8/1/1983,NA,8.62,12.04,NA,NA,NA,8/31/1983,10.47,11.59,8/31/1983,6.8,8.65,8.268,9.826,1983
165,9/1/1983,NA,8.62,12.04,NA,NA,NA,9/30/1983,9.72,10.99,9/30/1983,6.87,8.49,8.01,9.49,1983
166,10/1/1983,NA,8.62,12.04,NA,NA,NA,10/31/1983,9.45,10.89,10/31/1983,6.61,8.51,7.746,9.462,1983
167,11/1/1983,NA,8.62,12.04,NA,NA,NA,11/30/1983,9.53,10.61,11/30/1983,6.76,8.55,7.868,9.374,1983
168,12/1/1983,NA,8.62,12.04,NA,NA,NA,12/31/1983,9.51,10.77,12/31/1983,6.87,8.5,7.926,9.408,1983
169,1/1/1984,NA,9.54,12.71,NA,NA,NA,1/31/1984,9.37,10.86,1/31/1984,6.66,8.42,7.744,9.396,1984
170,2/1/1984,NA,9.54,12.71,NA,NA,NA,2/29/1984,9.24,10.8,2/29/1984,6.29,8.26,7.47,9.276,1984
171,3/1/1984,NA,9.54,12.71,NA,NA,NA,3/31/1984,9.1,10.67,3/31/1984,6.28,8.35,7.408,9.278,1984
172,4/1/1984,NA,9.54,12.71,NA,NA,NA,4/30/1984,9.22,11.03,4/30/1984,6.24,8.36,7.432,9.428,1984
173,5/1/1984,NA,9.54,12.71,NA,NA,NA,5/31/1984,10.43,11.74,5/31/1984,6.66,8.46,8.168,9.772,1984
174,6/1/1984,NA,9.54,12.71,NA,NA,NA,6/30/1984,10.2,11.69,6/30/1984,6.64,8.37,8.064,9.698,1984
175,7/1/1984,NA,9.54,12.71,NA,NA,NA,7/31/1984,11.62,12.24,7/31/1984,6.75,8.42,8.698,9.948,1984
176,8/1/1984,NA,9.54,12.71,NA,NA,NA,8/31/1984,10.55,11.3,8/31/1984,6.39,8.09,8.054,9.374,1984
177,9/1/1984,NA,9.54,12.71,NA,NA,NA,9/30/1984,10.48,11.01,9/30/1984,6.24,7.96,7.936,9.18,1984
178,10/1/1984,NA,9.54,12.71,NA,NA,NA,10/31/1984,10.26,10.96,10/31/1984,6.11,7.65,7.77,8.974,1984
179,11/1/1984,NA,9.54,12.71,NA,NA,NA,11/30/1984,9.62,10.76,11/30/1984,5.89,7.38,7.382,8.732,1984
180,12/1/1984,NA,9.54,12.71,NA,NA,NA,12/31/1984,10.13,11.07,12/31/1984,5.66,7.35,7.448,8.838,1984
181,1/1/1985,NA,7.47,11.37,NA,NA,NA,1/31/1985,11.23,11.37,1/31/1985,5.98,7.49,8.08,9.042,1985
182,2/1/1985,NA,7.47,11.37,NA,NA,NA,2/28/1985,12.14,11.27,2/28/1985,6.79,7.87,8.93,9.23,1985
183,3/1/1985,NA,7.47,11.37,NA,NA,NA,3/31/1985,11.55,10.97,3/31/1985,6.31,7.51,8.406,8.894,1985
184,4/1/1985,NA,7.47,11.37,NA,NA,NA,4/30/1985,11.28,10.95,4/30/1985,6.24,7.51,8.256,8.886,1985
185,5/1/1985,NA,7.47,11.37,NA,NA,NA,5/31/1985,11.36,10.96,5/31/1985,5.82,7.21,8.036,8.71,1985
186,6/1/1985,NA,7.47,11.37,NA,NA,NA,6/30/1985,11.3,10.87,6/30/1985,5.6,7.17,7.88,8.65,1985
187,7/1/1985,NA,7.47,11.37,NA,NA,NA,7/31/1985,10.34,10.57,7/31/1985,5.3,7.15,7.316,8.518,1985
188,8/1/1985,NA,7.47,11.37,NA,NA,NA,8/31/1985,10.45,10.51,8/31/1985,4.74,6.72,7.024,8.236,1985
189,9/1/1985,NA,7.47,11.37,NA,NA,NA,9/30/1985,10.44,10.34,9/30/1985,4.68,6.71,6.984,8.162,1985
190,10/1/1985,NA,7.47,11.37,NA,NA,NA,10/31/1985,10.66,10.42,10/31/1985,5.17,7.04,7.366,8.392,1985
191,11/1/1985,NA,7.47,11.37,NA,NA,NA,11/30/1985,10.77,10.45,11/30/1985,4.94,6.91,7.272,8.326,1985
192,12/1/1985,NA,7.47,11.37,NA,NA,NA,12/31/1985,11.29,10.61,12/31/1985,4.96,6.69,7.492,8.258,1985
193,1/1/1986,NA,5.97,9.02,NA,NA,NA,1/31/1986,12.02,10.93,1/31/1986,4.78,6.73,7.676,8.41,1986
194,2/1/1986,NA,5.97,9.02,NA,NA,NA,2/28/1986,11.05,10.07,2/28/1986,4.53,6.29,7.138,7.802,1986
195,3/1/1986,NA,5.97,9.02,NA,NA,NA,3/31/1986,9.7,8.92,3/31/1986,4.4,6.02,6.52,7.18,1986
196,4/1/1986,NA,5.97,9.02,NA,NA,NA,4/30/1986,8.98,8.74,4/30/1986,4.47,5.79,6.274,6.97,1986
197,5/1/1986,NA,5.97,9.02,NA,NA,NA,5/31/1986,8.95,9.13,5/31/1986,4.6,6.27,6.34,7.414,1986
198,6/1/1986,NA,5.97,9.02,NA,NA,NA,6/30/1986,9.15,9.32,6/30/1986,4.66,6.15,6.456,7.418,1986
199,7/1/1986,NA,5.97,9.02,NA,NA,NA,7/31/1986,9.6,9.51,7/31/1986,4.73,6.1,6.678,7.464,1986
200,8/1/1986,NA,5.97,9.02,NA,NA,NA,8/31/1986,9.39,9.41,8/31/1986,4.51,5.91,6.462,7.31,1986
201,9/1/1986,NA,5.97,9.02,NA,NA,NA,9/30/1986,10.95,10.77,9/30/1986,4.59,6.3,7.134,8.088,1986
202,10/1/1986,NA,5.97,9.02,NA,NA,NA,10/31/1986,10.76,10.73,10/31/1986,4.64,6.56,7.088,8.228,1986
203,11/1/1986,NA,5.97,9.02,NA,NA,NA,11/30/1986,10.93,11,11/30/1986,4.69,6.21,7.186,8.126,1986
204,12/1/1986,NA,5.97,9.02,NA,NA,NA,12/31/1986,10.62,10.34,12/31/1986,4.83,6.24,7.146,7.88,1986
205,1/1/1987,NA,5.78,9.38,NA,NA,NA,1/31/1987,10.17,10.09,1/31/1987,4.11,6.18,6.534,7.744,1987
206,2/1/1987,NA,5.78,9.38,NA,NA,NA,2/28/1987,9.67,9.6,2/28/1987,4.08,6.34,6.316,7.644,1987
207,3/1/1987,NA,5.78,9.38,NA,NA,NA,3/31/1987,9.05,9.18,3/31/1987,4.1,5.99,6.08,7.266,1987
208,4/1/1987,NA,5.78,9.38,NA,NA,NA,4/30/1987,8.56,8.93,4/30/1987,3.9,5.98,5.764,7.16,1987
209,5/1/1987,NA,5.78,9.38,NA,NA,NA,5/31/1987,8.46,8.84,5/31/1987,3.76,6,5.64,7.136,1987
210,6/1/1987,NA,5.78,9.38,NA,NA,NA,6/30/1987,8.94,9.22,6/30/1987,3.83,6.48,5.874,7.576,1987
211,7/1/1987,NA,5.78,9.38,NA,NA,NA,7/31/1987,9.51,9.83,7/31/1987,4.11,6.65,6.27,7.922,1987
212,8/1/1987,NA,5.78,9.38,NA,NA,NA,8/31/1987,10.32,10.23,8/31/1987,4.35,6.82,6.738,8.184,1987
213,9/1/1987,NA,5.78,9.38,NA,NA,NA,9/30/1987,9.97,10.14,9/30/1987,4.5,7.15,6.688,8.346,1987
214,10/1/1987,NA,5.78,9.38,NA,NA,NA,10/31/1987,8.94,9.42,10/31/1987,4.26,6.76,6.132,7.824,1987
215,11/1/1987,NA,5.78,9.38,NA,NA,NA,11/30/1987,8.47,9.37,11/30/1987,3.96,6.63,5.764,7.726,1987
216,12/1/1987,NA,5.78,9.38,NA,NA,NA,12/31/1987,8.87,9.66,12/31/1987,3.87,6.81,5.87,7.95,1987
217,1/1/1988,NA,6.67,9.71,NA,NA,NA,1/31/1988,8.86,9.39,1/31/1988,3.7,6.88,5.764,7.884,1988
218,2/1/1988,NA,6.67,9.71,NA,NA,NA,2/29/1988,9.04,9.24,2/29/1988,3.51,6.57,5.722,7.638,1988
219,3/1/1988,NA,6.67,9.71,NA,NA,NA,3/31/1988,8.4,9.13,3/31/1988,3.62,6.6,5.532,7.612,1988
220,4/1/1988,NA,6.67,9.71,NA,NA,NA,4/30/1988,8.53,9.39,4/30/1988,3.79,6.87,5.686,7.878,1988
221,5/1/1988,NA,6.67,9.71,NA,NA,NA,5/31/1988,8.38,9.48,5/31/1988,4.02,7.03,5.764,8.01,1988
222,6/1/1988,NA,6.67,9.71,NA,NA,NA,6/30/1988,9.57,9.7,6/30/1988,4.63,6.97,6.606,8.062,1988
223,7/1/1988,NA,6.67,9.71,NA,NA,NA,7/31/1988,9.92,9.64,7/31/1988,5.48,7.12,7.256,8.128,1988
224,8/1/1988,NA,6.67,9.71,NA,NA,NA,8/31/1988,10.92,9.94,8/31/1988,5.7,7.03,7.788,8.194,1988
225,9/1/1988,NA,6.67,9.71,NA,NA,NA,9/30/1988,10.28,9.67,9/30/1988,5.35,6.78,7.322,7.936,1988
226,10/1/1988,NA,6.67,9.71,NA,NA,NA,10/31/1988,10.61,9.37,10/31/1988,5.04,6.5,7.268,7.648,1988
227,11/1/1988,NA,6.67,9.71,NA,NA,NA,11/30/1988,11.57,9.79,11/30/1988,5.21,6.7,7.754,7.936,1988
228,12/1/1988,NA,6.67,9.71,NA,NA,NA,12/31/1988,11.51,9.79,12/31/1988,5.65,6.75,7.994,7.966,1988
229,1/1/1989,NA,8.11,9.26,NA,NA,NA,1/31/1989,11.05,9.42,1/31/1989,6.17,6.81,8.122,7.854,1989
230,2/1/1989,NA,8.11,9.26,NA,NA,NA,2/28/1989,11.58,9.6,2/28/1989,6.9,7.03,8.772,8.058,1989
231,3/1/1989,NA,8.11,9.26,NA,NA,NA,3/31/1989,11.43,9.65,3/31/1989,6.73,7.04,8.61,8.084,1989
232,4/1/1989,NA,8.11,9.26,NA,NA,NA,4/30/1989,11.47,9.7,4/30/1989,6.66,6.9,8.584,8.02,1989
233,5/1/1989,NA,8.11,9.26,NA,NA,NA,5/31/1989,12.56,10.02,5/31/1989,7.17,7.07,9.326,8.25,1989
234,6/1/1989,NA,8.11,9.26,NA,NA,NA,6/30/1989,12.19,9.97,6/30/1989,6.96,6.85,9.052,8.098,1989
235,7/1/1989,NA,8.11,9.26,NA,NA,NA,7/31/1989,11.65,9.54,7/31/1989,6.73,6.66,8.698,7.812,1989
236,8/1/1989,NA,8.11,9.26,NA,NA,NA,8/31/1989,11.95,9.65,8/31/1989,6.96,6.87,8.956,7.982,1989
237,9/1/1989,NA,8.11,9.26,NA,NA,NA,9/30/1989,12.78,9.98,9/30/1989,7.39,7.02,9.546,8.204,1989
238,10/1/1989,NA,8.11,9.26,NA,NA,NA,10/31/1989,12.75,9.98,10/31/1989,7.76,7.15,9.756,8.282,1989
239,11/1/1989,NA,8.11,9.26,NA,NA,NA,11/30/1989,13.23,10.22,11/30/1989,7.92,7.43,10.044,8.546,1989
240,12/1/1989,NA,8.11,9.26,NA,NA,NA,12/31/1989,13.12,9.93,12/31/1989,7.68,7.38,9.856,8.4,1989
241,1/1/1990,1/31/1990,8.35,8.65,NA,NA,NA,1/31/1990,13.56,10.57,1/31/1990,8.14,7.88,10.308,8.956,1990
242,2/1/1990,2/28/1990,8.58,9.04,NA,NA,NA,2/28/1990,13.71,11.04,2/28/1990,8.76,8.78,10.74,9.684,1990
243,3/1/1990,3/30/1990,8.22,8.6,NA,NA,NA,3/31/1990,14.09,11.69,3/31/1990,8.65,8.5,10.826,9.776,1990
244,4/1/1990,4/30/1990,8.05,8.43,NA,NA,NA,4/30/1990,14.31,12.37,4/30/1990,8.74,8.96,10.968,10.324,1990
245,5/1/1990,5/31/1990,7.72,8.36,NA,NA,NA,5/31/1990,13.66,11.47,5/31/1990,8.64,8.85,10.648,9.898,1990
246,6/1/1990,6/29/1990,7.76,8.86,NA,NA,NA,6/30/1990,13.16,11.01,6/30/1990,8.55,8.78,10.394,9.672,1990
247,7/1/1990,7/31/1990,7.69,8.82,NA,NA,NA,7/31/1990,12.96,11.16,7/31/1990,8.45,8.59,10.254,9.618,1990
248,8/1/1990,8/31/1990,7.43,8.65,NA,NA,NA,8/31/1990,12.67,11.51,8/31/1990,8.81,9.04,10.354,10.028,1990
249,9/1/1990,9/28/1990,7.31,8.26,NA,NA,NA,9/30/1990,12.84,11.58,9/30/1990,8.79,9.23,10.41,10.17,1990
250,10/1/1990,10/31/1990,6.82,8.08,NA,NA,NA,10/31/1990,11.39,11.11,10/31/1990,8.64,9.04,9.74,9.868,1990
251,11/1/1990,11/30/1990,8.08,8.43,NA,NA,NA,11/30/1990,11.04,10.55,11/30/1990,8.91,8.85,9.762,9.53,1990
252,12/1/1990,12/31/1990,8.12,8.51,NA,NA,NA,12/31/1990,11.43,10.6,12/31/1990,9.03,9.09,9.99,9.694,1990
253,1/1/1991,1/31/1991,6.51,8.03,NA,NA,NA,1/31/1991,11.54,9.88,1/31/1991,8.97,8.61,9.998,9.118,1991
254,2/1/1991,2/28/1991,6.41,8.02,NA,NA,NA,2/28/1991,10.63,9.96,2/28/1991,8.69,8.31,9.466,8.97,1991
255,3/1/1991,3/28/1991,6.28,8.05,NA,NA,NA,3/31/1991,10.44,9.92,3/31/1991,8.77,8.47,9.438,9.05,1991
256,4/1/1991,4/30/1991,6.06,8.02,NA,NA,NA,4/30/1991,10.27,10.04,4/30/1991,8.87,8.25,9.43,8.966,1991
257,5/1/1991,5/31/1991,6.16,8.06,NA,NA,NA,5/31/1991,10.08,10.24,5/31/1991,8.69,8.19,9.246,9.01,1991
258,6/1/1991,6/28/1991,6.32,8.24,NA,NA,NA,6/30/1991,10.07,10.27,6/30/1991,8.85,8.41,9.338,9.154,1991
259,7/1/1991,7/31/1991,6.19,8.2,NA,NA,NA,7/31/1991,9.98,9.91,7/31/1991,9.11,8.61,9.458,9.13,1991
260,8/1/1991,8/30/1991,5.72,7.82,NA,NA,NA,8/31/1991,9.74,9.7,8/31/1991,8.84,8.31,9.2,8.866,1991
261,9/1/1991,9/30/1991,5.42,7.47,NA,NA,NA,9/30/1991,9.37,9.38,9/30/1991,8.84,8.26,9.052,8.708,1991
262,10/1/1991,10/31/1991,5.1,7.47,NA,NA,NA,10/31/1991,9.47,9.46,10/31/1991,9.05,8.23,9.218,8.722,1991
263,11/1/1991,11/29/1991,4.69,7.38,NA,NA,NA,11/30/1991,9.72,9.61,11/30/1991,9.07,8.12,9.33,8.716,1991
264,12/1/1991,12/31/1991,4.12,6.71,NA,NA,NA,12/31/1991,10.02,9.44,12/31/1991,9.01,7.91,9.414,8.522,1991
265,1/1/1992,1/31/1992,4.23,7.31,NA,NA,NA,1/31/1992,9.42,9.16,1/31/1992,8.83,7.7,9.066,8.284,1992
266,2/1/1992,2/28/1992,4.35,7.27,NA,NA,NA,2/29/1992,9.19,9.04,2/29/1992,8.79,7.65,8.95,8.206,1992
267,3/1/1992,3/31/1992,4.54,7.54,NA,NA,NA,3/31/1992,10.04,9.55,3/31/1992,9,7.73,9.416,8.458,1992
268,4/1/1992,4/30/1992,4.4,7.61,NA,NA,NA,4/30/1992,9.35,8.94,4/30/1992,8.95,7.85,9.11,8.286,1992
269,5/1/1992,5/29/1992,4.24,7.33,NA,NA,NA,5/31/1992,9.01,8.69,5/31/1992,8.99,7.82,8.998,8.168,1992
270,6/1/1992,6/30/1992,4.05,7.14,NA,NA,NA,6/30/1992,9.04,8.89,6/30/1992,9.08,7.92,9.064,8.308,1992
271,7/1/1992,7/31/1992,3.62,6.72,NA,NA,NA,7/31/1992,9.49,9.01,7/31/1992,9.31,7.96,9.382,8.38,1992
272,8/1/1992,8/31/1992,3.47,6.62,NA,NA,NA,8/31/1992,9.84,9.31,8/31/1992,9.47,7.87,9.618,8.446,1992
273,9/1/1992,9/30/1992,3.06,6.37,NA,NA,NA,9/30/1992,7.84,8.97,9/30/1992,8.29,7.46,8.11,8.064,1992
274,10/1/1992,10/30/1992,3.54,6.8,NA,NA,NA,10/31/1992,6.33,8.28,10/31/1992,7.72,7.24,7.164,7.656,1992
275,11/1/1992,11/30/1992,3.83,6.95,NA,NA,NA,11/30/1992,6.52,8.66,11/30/1992,7.6,7.17,7.168,7.766,1992
276,12/1/1992,12/31/1992,3.61,6.7,NA,NA,NA,12/31/1992,6.41,8.32,12/31/1992,7.58,7.06,7.112,7.564,1992
277,1/1/1993,1/29/1993,3.39,6.39,NA,NA,NA,1/31/1993,5.65,8.38,1/31/1993,7.32,6.96,6.652,7.528,1993
278,2/1/1993,2/26/1993,3.32,6.03,NA,NA,NA,2/28/1993,5.4,8.09,2/28/1993,6.81,6.69,6.246,7.25,1993
279,3/1/1993,3/31/1993,3.32,6.03,NA,NA,NA,3/31/1993,5.58,7.98,3/31/1993,6.55,6.75,6.162,7.242,1993
280,4/1/1993,4/30/1993,3.26,6.05,NA,NA,NA,4/30/1993,5.98,8.33,4/30/1993,6.75,6.82,6.442,7.424,1993
281,5/1/1993,5/28/1993,3.62,6.16,NA,NA,NA,5/31/1993,5.77,8.36,5/31/1993,6.66,6.89,6.304,7.478,1993
282,6/1/1993,6/30/1993,3.45,5.8,NA,NA,NA,6/30/1993,5.52,7.86,6/30/1993,6.59,6.73,6.162,7.182,1993
283,7/1/1993,7/30/1993,3.53,5.83,NA,NA,NA,7/31/1993,5.28,7.58,7/31/1993,6.29,6.59,5.886,6.986,1993
284,8/1/1993,8/31/1993,3.38,5.45,NA,NA,NA,8/31/1993,5.33,6.99,8/31/1993,5.96,6.25,5.708,6.546,1993
285,9/1/1993,9/30/1993,3.39,5.4,NA,NA,NA,9/30/1993,5.44,7.09,9/30/1993,5.93,6.24,5.734,6.58,1993
286,10/1/1993,10/29/1993,3.47,5.43,NA,NA,NA,10/31/1993,5.17,7.05,10/31/1993,5.66,6.02,5.464,6.432,1993
287,11/1/1993,11/30/1993,3.65,5.83,NA,NA,NA,11/30/1993,5.04,6.79,11/30/1993,5.38,6,5.244,6.316,1993
288,12/1/1993,12/31/1993,3.63,5.83,NA,NA,NA,12/31/1993,4.88,6.25,12/31/1993,5.29,5.84,5.126,6.004,1993
289,1/1/1994,1/31/1994,3.53,5.7,NA,NA,NA,1/31/1994,4.93,6.37,1/31/1994,5.23,5.91,5.11,6.094,1994
290,2/1/1994,2/28/1994,4.03,6.15,NA,NA,NA,2/28/1994,4.91,7.06,2/28/1994,5.58,6.49,5.312,6.718,1994
291,3/1/1994,3/31/1994,4.5,6.77,NA,NA,NA,3/31/1994,5.43,7.6,3/31/1994,5.47,6.67,5.454,7.042,1994
292,4/1/1994,4/29/1994,5.07,7.06,NA,NA,NA,4/30/1994,5.44,7.94,4/30/1994,5.37,6.98,5.398,7.364,1994
293,5/1/1994,5/31/1994,5.38,7.17,NA,NA,NA,5/31/1994,5.55,8.64,5/31/1994,5.27,7.29,5.382,7.83,1994
294,6/1/1994,6/30/1994,5.51,7.34,NA,NA,NA,6/30/1994,5.79,8.73,6/30/1994,5.25,7.29,5.466,7.866,1994
295,7/1/1994,7/29/1994,5.37,7.12,NA,NA,NA,7/31/1994,6.34,8.55,7/31/1994,5.2,7.27,5.656,7.782,1994
296,8/1/1994,8/31/1994,5.56,7.19,NA,NA,NA,8/31/1994,6.44,8.49,8/31/1994,5.38,7.54,5.804,7.92,1994
297,9/1/1994,9/30/1994,5.96,7.62,NA,NA,NA,9/30/1994,6.87,8.74,9/30/1994,5.76,7.81,6.204,8.182,1994
298,10/1/1994,10/31/1994,6.18,7.81,NA,NA,NA,10/31/1994,6.79,8.65,10/31/1994,5.63,7.79,6.094,8.134,1994
299,11/1/1994,11/30/1994,6.91,7.91,NA,NA,NA,11/30/1994,6.66,8.36,11/30/1994,5.68,7.62,6.072,7.916,1994
300,12/1/1994,12/30/1994,7.2,7.84,NA,NA,NA,12/31/1994,7.08,8.59,12/31/1994,5.94,7.81,6.396,8.122,1994
301,1/1/1995,1/31/1995,6.84,7.6,NA,NA,NA,1/31/1995,7.06,8.47,1/31/1995,5.69,7.62,6.238,7.96,1995
302,2/1/1995,2/28/1995,6.44,7.22,NA,NA,NA,2/28/1995,7.11,8.54,2/28/1995,5.67,7.51,6.246,7.922,1995
303,3/1/1995,3/31/1995,6.49,7.2,NA,NA,NA,3/31/1995,6.9,8.41,3/31/1995,5.07,7.48,5.802,7.852,1995
304,4/1/1995,4/28/1995,6.32,7.07,NA,NA,NA,4/30/1995,7.15,8.35,4/30/1995,4.89,7.32,5.794,7.732,1995
305,5/1/1995,5/31/1995,5.8,6.3,NA,NA,NA,5/31/1995,6.62,7.88,5/31/1995,4.56,6.93,5.384,7.31,1995
306,6/1/1995,6/30/1995,5.65,6.21,NA,NA,NA,6/30/1995,6.96,8.4,6/30/1995,4.81,7.35,5.67,7.77,1995
307,7/1/1995,7/31/1995,5.67,6.45,NA,NA,NA,7/31/1995,6.67,8.17,7/31/1995,4.61,7.17,5.434,7.57,1995
308,8/1/1995,8/31/1995,5.65,6.28,NA,NA,NA,8/31/1995,6.49,8.08,8/31/1995,4.36,7.07,5.212,7.474,1995
309,9/1/1995,9/29/1995,5.65,6.17,NA,NA,NA,9/30/1995,6.44,8.14,9/30/1995,4.08,7.08,5.024,7.504,1995
310,10/1/1995,10/31/1995,5.55,6.03,NA,NA,NA,10/31/1995,6.36,7.95,10/31/1995,4.04,6.86,4.968,7.296,1995
311,11/1/1995,11/30/1995,5.36,5.76,NA,NA,NA,11/30/1995,6.03,7.61,11/30/1995,3.8,6.61,4.692,7.01,1995
312,12/1/1995,12/29/1995,5.18,5.58,NA,NA,NA,12/31/1995,5.96,7.47,12/31/1995,3.61,6.4,4.55,6.828,1995
313,1/1/1996,1/31/1996,4.9,5.6,NA,NA,NA,1/31/1996,5.83,7.55,1/31/1996,3.26,6.24,4.288,6.764,1996
314,2/1/1996,2/29/1996,5.23,6.13,NA,NA,NA,2/29/1996,6.02,8.05,2/29/1996,3.42,6.79,4.46,7.294,1996
315,3/1/1996,3/29/1996,5.41,6.34,NA,NA,NA,3/31/1996,6.14,8.19,3/31/1996,3.4,6.81,4.496,7.362,1996
316,4/1/1996,4/30/1996,5.62,6.66,NA,NA,NA,4/30/1996,6.1,8.06,4/30/1996,3.26,6.67,4.396,7.226,1996
317,5/1/1996,5/31/1996,5.77,6.85,NA,NA,NA,5/31/1996,6.13,8.17,5/31/1996,3.42,6.81,4.504,7.354,1996
318,6/1/1996,6/28/1996,5.7,6.73,NA,NA,NA,6/30/1996,5.77,7.93,6/30/1996,3.65,6.9,4.498,7.312,1996
319,7/1/1996,7/31/1996,5.85,6.8,NA,NA,NA,7/31/1996,5.79,7.94,7/31/1996,3.53,6.71,4.434,7.202,1996
320,8/1/1996,8/30/1996,5.91,6.96,NA,NA,NA,8/31/1996,5.71,7.97,8/31/1996,3.34,6.75,4.288,7.238,1996
321,9/1/1996,9/30/1996,5.71,6.72,NA,NA,NA,9/30/1996,5.9,7.72,9/30/1996,3.23,6.45,4.298,6.958,1996
322,10/1/1996,10/31/1996,5.44,6.37,NA,NA,NA,10/31/1996,6.27,7.64,10/31/1996,3.3,6.39,4.488,6.89,1996
323,11/1/1996,11/29/1996,5.38,6.06,NA,NA,NA,11/30/1996,6.42,7.32,11/30/1996,3.28,6.1,4.536,6.588,1996
324,12/1/1996,12/31/1996,5.51,6.43,NA,NA,NA,12/31/1996,6.47,7.47,12/31/1996,3.19,6.18,4.502,6.696,1996
325,1/1/1997,1/31/1997,5.58,6.53,NA,NA,NA,1/31/1997,6.28,7.4,1/31/1997,3.15,6.15,4.402,6.65,1997
326,2/1/1997,2/28/1997,5.67,6.56,NA,NA,NA,2/28/1997,6.25,7.23,2/28/1997,3.31,5.79,4.486,6.366,1997
327,3/1/1997,3/31/1997,6.02,6.92,NA,NA,NA,3/31/1997,6.52,7.6,3/31/1997,3.37,6.18,4.63,6.748,1997
328,4/1/1997,4/30/1997,5.9,6.72,NA,NA,NA,4/30/1997,6.47,7.42,4/30/1997,3.31,6.12,4.574,6.64,1997
329,5/1/1997,5/30/1997,5.78,6.67,NA,NA,NA,5/31/1997,6.57,7.14,5/31/1997,3.31,6.24,4.614,6.6,1997
330,6/1/1997,6/30/1997,5.67,6.51,NA,NA,NA,6/30/1997,6.82,7.02,6/30/1997,3.21,5.96,4.654,6.384,1997
331,7/1/1997,7/31/1997,5.45,6.02,NA,NA,NA,7/31/1997,6.93,6.86,7/31/1997,3.39,5.76,4.806,6.2,1997
332,8/1/1997,8/29/1997,5.59,6.34,NA,NA,NA,8/31/1997,7.02,6.98,8/31/1997,3.53,5.93,4.926,6.35,1997
333,9/1/1997,9/30/1997,5.47,6.12,NA,NA,NA,9/30/1997,6.99,6.36,9/30/1997,3.67,5.72,4.998,5.976,1997
334,10/1/1997,10/31/1997,5.36,5.84,NA,NA,NA,10/31/1997,6.87,6.44,10/31/1997,3.99,5.79,5.142,6.05,1997
335,11/1/1997,11/28/1997,5.52,5.86,NA,NA,NA,11/30/1997,7.18,6.35,11/30/1997,4,5.7,5.272,5.96,1997
336,12/1/1997,12/31/1997,5.51,5.75,NA,NA,NA,12/31/1997,6.93,6.18,12/31/1997,3.86,5.48,5.088,5.76,1997
337,1/1/1998,1/30/1998,5.24,5.53,NA,NA,NA,1/31/1998,6.69,5.94,1/31/1998,3.66,5.23,4.872,5.514,1998
338,2/1/1998,2/27/1998,5.41,5.62,NA,NA,NA,2/28/1998,6.85,5.98,2/28/1998,3.67,5.09,4.942,5.446,1998
339,3/1/1998,3/31/1998,5.41,5.67,NA,NA,NA,3/31/1998,6.73,5.78,3/31/1998,3.79,5.06,4.966,5.348,1998
340,4/1/1998,4/30/1998,5.4,5.68,NA,NA,NA,4/30/1998,6.61,5.72,4/30/1998,3.91,5.25,4.99,5.438,1998
341,5/1/1998,5/29/1998,5.42,5.56,NA,NA,NA,5/31/1998,6.66,5.59,5/31/1998,3.75,5.07,4.914,5.278,1998
342,6/1/1998,6/30/1998,5.38,5.44,NA,NA,NA,6/30/1998,7.21,5.65,6/30/1998,3.81,5,5.17,5.26,1998
343,7/1/1998,7/31/1998,5.38,5.5,NA,NA,NA,7/31/1998,7.11,5.58,7/31/1998,3.73,4.83,5.082,5.13,1998
344,8/1/1998,8/31/1998,4.95,5.05,NA,NA,NA,8/31/1998,6.58,5.2,8/31/1998,3.45,4.43,4.702,4.738,1998
345,9/1/1998,9/30/1998,4.41,4.44,NA,NA,NA,9/30/1998,6.19,4.79,9/30/1998,3.45,4.18,4.546,4.424,1998
346,10/1/1998,10/30/1998,4.18,4.64,NA,NA,NA,10/31/1998,5.85,5,10/31/1998,3.36,4.37,4.356,4.622,1998
347,11/1/1998,11/30/1998,4.53,4.74,NA,NA,NA,11/30/1998,5.7,4.6,11/30/1998,3.29,4.2,4.254,4.36,1998
348,12/1/1998,12/31/1998,4.53,4.65,NA,NA,NA,12/31/1998,5.11,4.32,12/31/1998,3.06,4.1,3.88,4.188,1998
349,1/1/1999,1/29/1999,4.51,4.66,NA,NA,NA,1/31/1999,4.96,4.13,1/31/1999,2.86,3.85,3.7,3.962,1999
350,2/1/1999,2/26/1999,4.88,5.29,NA,NA,NA,2/28/1999,4.9,4.56,2/28/1999,2.99,4.22,3.754,4.356,1999
351,3/1/1999,3/31/1999,4.72,5.25,NA,NA,NA,3/31/1999,4.68,4.53,3/31/1999,2.84,4.25,3.576,4.362,1999
352,4/1/1999,4/30/1999,4.78,5.36,NA,NA,NA,4/30/1999,4.93,4.63,4/30/1999,2.6,4.05,3.532,4.282,1999
353,5/1/1999,5/28/1999,4.97,5.64,NA,NA,NA,5/31/1999,4.91,4.92,5/31/1999,2.65,4.33,3.554,4.566,1999
354,6/1/1999,6/30/1999,5.07,5.81,NA,NA,NA,6/30/1999,4.84,5.1,6/30/1999,2.9,4.76,3.676,4.896,1999
355,7/1/1999,7/30/1999,5.13,5.92,NA,NA,NA,7/31/1999,5.23,5.36,7/31/1999,3.01,4.96,3.898,5.12,1999
356,8/1/1999,8/31/1999,5.3,5.98,NA,NA,NA,8/31/1999,5.28,5.17,8/31/1999,3.16,5.14,4.008,5.152,1999
357,9/1/1999,9/30/1999,5.22,5.9,NA,NA,NA,9/30/1999,5.71,5.63,9/30/1999,3.18,5.34,4.192,5.456,1999
358,10/1/1999,10/29/1999,5.43,6.02,NA,NA,NA,10/31/1999,5.8,5.38,10/31/1999,3.56,5.37,4.456,5.374,1999
359,11/1/1999,11/30/1999,5.7,6.18,NA,NA,NA,11/30/1999,6.02,5.15,11/30/1999,3.67,5.33,4.61,5.258,1999
360,12/1/1999,12/31/1999,5.98,6.45,NA,NA,NA,12/31/1999,6.22,5.38,12/31/1999,3.78,5.46,4.756,5.428,1999
361,1/1/2000,1/31/2000,6.3,6.68,NA,NA,NA,1/31/2000,6.32,5.61,1/31/2000,3.97,5.72,4.91,5.676,2000
362,2/1/2000,2/29/2000,6.24,6.23,NA,NA,NA,2/29/2000,6.25,5.33,2/29/2000,4.07,5.61,4.942,5.498,2000
363,3/1/2000,3/31/2000,6.37,6.29,NA,NA,NA,3/31/2000,6.25,5.15,3/31/2000,4.16,5.32,4.996,5.252,2000
364,4/1/2000,4/28/2000,6.08,6.03,NA,NA,NA,4/30/2000,6.1,5.1,4/30/2000,4.43,5.48,5.098,5.328,2000
365,5/1/2000,5/31/2000,6.07,6.04,NA,NA,NA,5/31/2000,6.13,5.05,5/31/2000,4.84,5.37,5.356,5.242,2000
366,6/1/2000,6/30/2000,6.22,5.73,NA,NA,NA,6/30/2000,5.97,5.07,6/30/2000,4.87,5.34,5.31,5.232,2000
367,7/1/2000,7/31/2000,6.07,5.8,NA,NA,NA,7/31/2000,6,5.14,7/31/2000,5.05,5.33,5.43,5.254,2000
368,8/1/2000,8/31/2000,6.12,5.77,NA,NA,NA,8/31/2000,6.05,5.25,8/31/2000,5.17,5.36,5.522,5.316,2000
369,9/1/2000,9/29/2000,5.92,5.48,NA,NA,NA,9/30/2000,5.84,5.14,9/30/2000,5.06,5.31,5.372,5.242,2000
370,10/1/2000,10/31/2000,5.32,5.12,NA,NA,NA,10/31/2000,5.73,5.09,10/31/2000,5.13,5.31,5.37,5.222,2000
371,11/1/2000,11/30/2000,6.2,6.42,NA,NA,NA,11/30/2000,5.48,4.79,11/30/2000,4.97,5.14,5.174,5,2000
372,12/1/2000,12/29/2000,6.28,6.03,NA,NA,NA,12/31/2000,5.24,4.78,12/31/2000,4.61,4.96,4.862,4.888,2000
373,1/1/2001,1/31/2001,4.6,5.19,NA,NA,NA,1/31/2001,5.15,4.67,1/31/2001,4.44,4.89,4.724,4.802,2001
374,2/1/2001,2/28/2001,4.47,4.92,NA,NA,NA,2/28/2001,5.06,4.71,2/28/2001,4.46,4.83,4.7,4.782,2001
375,3/1/2001,3/30/2001,4.09,4.93,NA,NA,NA,3/31/2001,4.89,4.72,3/31/2001,4.26,4.82,4.512,4.78,2001
376,4/1/2001,4/30/2001,3.94,5.35,NA,NA,NA,4/30/2001,4.92,5.07,4/30/2001,4.67,5.16,4.77,5.124,2001
377,5/1/2001,5/31/2001,3.63,5.43,NA,NA,NA,5/31/2001,5.04,5.16,5/31/2001,4.38,5.35,4.644,5.274,2001
378,6/1/2001,6/29/2001,3.72,5.42,NA,NA,NA,6/30/2001,5.31,5.23,6/30/2001,4.29,5.22,4.698,5.224,2001
379,7/1/2001,7/31/2001,3.53,5.07,NA,NA,NA,7/31/2001,5.01,5,7/31/2001,4.19,5.08,4.518,5.048,2001
380,8/1/2001,8/31/2001,3.41,4.85,NA,NA,NA,8/31/2001,4.72,4.87,8/31/2001,3.96,4.96,4.264,4.924,2001
381,9/1/2001,9/28/2001,2.49,4.6,NA,NA,NA,9/30/2001,4.28,4.92,9/30/2001,3.42,4.99,3.764,4.962,2001
382,10/1/2001,10/31/2001,2.07,4.3,NA,NA,NA,10/31/2001,3.94,4.54,10/31/2001,3.15,4.62,3.466,4.588,2001
383,11/1/2001,11/30/2001,2.06,4.78,NA,NA,NA,11/30/2001,3.95,4.65,11/30/2001,3.21,4.77,3.506,4.722,2001
384,12/1/2001,12/31/2001,2.17,5.07,NA,NA,NA,12/31/2001,4.3,5.03,12/31/2001,3.32,5.12,3.712,5.084,2001
385,1/1/2002,1/31/2002,2.29,5.07,NA,NA,NA,1/31/2002,4.3,4.81,1/31/2002,3.6,5.08,3.88,4.972,2002
386,2/1/2002,2/28/2002,2.25,4.88,NA,NA,NA,2/28/2002,4.25,4.92,2/28/2002,3.55,5.07,3.83,5.01,2002
387,3/1/2002,3/28/2002,2.7,5.42,NA,NA,NA,3/31/2002,4.58,5.25,3/31/2002,3.86,5.35,4.148,5.31,2002
388,4/1/2002,4/30/2002,2.35,5.11,NA,NA,NA,4/30/2002,4.39,5.16,4/30/2002,3.73,5.23,3.994,5.202,2002
389,5/1/2002,5/31/2002,2.34,5.08,NA,NA,NA,5/31/2002,4.51,5.23,5/31/2002,3.91,5.27,4.15,5.254,2002
390,6/1/2002,6/28/2002,2.06,4.86,NA,NA,NA,6/30/2002,4.36,4.97,6/30/2002,3.68,5.07,3.952,5.03,2002
391,7/1/2002,7/31/2002,1.8,4.51,NA,NA,NA,7/31/2002,3.83,4.92,7/31/2002,3.45,4.98,3.602,4.956,2002
392,8/1/2002,8/30/2002,1.74,4.14,NA,NA,NA,8/31/2002,3.77,4.64,8/31/2002,3.3,4.7,3.488,4.676,2002
393,9/1/2002,9/30/2002,1.53,3.63,NA,NA,NA,9/30/2002,3.51,4.41,9/30/2002,3.03,4.48,3.222,4.452,2002
394,10/1/2002,10/31/2002,1.46,3.93,NA,NA,NA,10/31/2002,3.61,4.6,10/31/2002,3.02,4.7,3.256,4.66,2002
395,11/1/2002,11/29/2002,1.56,4.22,NA,NA,NA,11/30/2002,3.9,4.69,11/30/2002,2.95,4.71,3.33,4.702,2002
396,12/1/2002,12/31/2002,1.32,3.83,NA,NA,NA,12/31/2002,3.65,4.4,12/31/2002,2.63,4.4,3.038,4.4,2002
397,1/1/2003,1/31/2003,1.31,4,NA,NA,NA,1/31/2003,3.58,4.28,1/31/2003,2.52,4.21,2.944,4.238,2003
398,2/1/2003,2/28/2003,1.24,3.71,NA,NA,NA,2/28/2003,3.23,4.23,2/28/2003,2.33,4.16,2.69,4.188,2003
399,3/1/2003,3/31/2003,1.19,3.83,NA,NA,NA,3/31/2003,3.31,4.35,3/31/2003,2.3,4.25,2.704,4.29,2003
400,4/1/2003,4/30/2003,1.22,3.89,NA,NA,NA,4/30/2003,3.32,4.42,4/30/2003,2.39,4.36,2.762,4.384,2003
401,5/1/2003,5/30/2003,1.13,3.37,NA,NA,NA,5/31/2003,3.25,4.16,5/31/2003,2.07,3.9,2.542,4.004,2003
402,6/1/2003,6/30/2003,1.09,3.54,NA,NA,NA,6/30/2003,3.28,4.27,6/30/2003,2,4.09,2.512,4.162,2003
403,7/1/2003,7/31/2003,1.28,4.49,NA,NA,NA,7/31/2003,3.38,4.61,7/31/2003,2.09,4.25,2.606,4.394,2003
404,8/1/2003,8/29/2003,1.35,4.45,NA,NA,NA,8/31/2003,3.73,4.66,8/31/2003,2.32,4.34,2.884,4.468,2003
405,9/1/2003,9/30/2003,1.15,3.96,NA,NA,NA,9/30/2003,3.73,4.58,9/30/2003,2.09,4.26,2.746,4.388,2003
406,10/1/2003,10/31/2003,1.31,4.33,NA,NA,NA,10/31/2003,4.19,5.01,10/31/2003,2.34,4.52,3.08,4.716,2003
407,11/1/2003,11/28/2003,1.39,4.34,NA,NA,NA,11/30/2003,4.25,5.05,11/30/2003,2.41,4.61,3.146,4.786,2003
408,12/1/2003,12/31/2003,1.26,4.27,NA,NA,NA,12/31/2003,4.06,4.77,12/31/2003,2.26,4.48,2.98,4.596,2003
409,1/1/2004,1/30/2004,1.28,4.16,NA,NA,NA,1/31/2004,4.21,4.86,1/31/2004,2.19,4.48,2.998,4.632,2004
410,2/1/2004,2/27/2004,1.21,3.99,NA,NA,NA,2/29/2004,4.16,4.73,2/29/2004,2.02,4.25,2.876,4.442,2004
411,3/1/2004,3/31/2004,1.2,3.86,NA,NA,NA,3/31/2004,4.33,4.72,3/31/2004,1.93,4.18,2.89,4.396,2004
412,4/1/2004,4/30/2004,1.55,4.53,NA,NA,NA,4/30/2004,4.47,4.96,4/30/2004,2.17,4.4,3.09,4.624,2004
413,5/1/2004,5/28/2004,1.83,4.66,NA,NA,NA,5/31/2004,4.81,5.11,5/31/2004,2.3,4.49,3.304,4.738,2004
414,6/1/2004,6/30/2004,2.09,4.62,NA,NA,NA,6/30/2004,4.82,5.06,6/30/2004,2.36,4.49,3.344,4.718,2004
415,7/1/2004,7/30/2004,2.13,4.5,NA,NA,NA,7/31/2004,4.91,5.05,7/31/2004,2.32,4.39,3.356,4.654,2004
416,8/1/2004,8/31/2004,1.99,4.13,NA,NA,NA,8/31/2004,4.74,4.88,8/31/2004,2.22,4.21,3.228,4.478,2004
417,9/1/2004,9/30/2004,2.21,4.14,9/30/2004,4.48868,4.793056,9/30/2004,4.63,4.79,9/30/2004,2.32,4.13,4.531076,4.7921392,2004
418,10/1/2004,10/29/2004,2.28,4.05,10/29/2004,4.387702,4.725109,10/31/2004,4.56,4.7,10/31/2004,2.27,4.01,4.4393914,4.7175763,2004
419,11/1/2004,11/30/2004,2.63,4.36,11/30/2004,4.241661,4.529188,11/30/2004,4.44,4.56,11/30/2004,2.22,3.9,4.3011627,4.5384316,2004
420,12/1/2004,12/31/2004,2.75,4.24,12/31/2004,4.106764,4.409093,12/31/2004,4.47,4.49,12/31/2004,2.28,3.79,4.2157348,4.4333651,2004
421,1/1/2005,1/31/2005,2.96,4.14,1/31/2005,3.895997,4.133419,1/31/2005,4.52,4.54,1/31/2005,2.22,3.64,4.0831979,4.2553933,2005
422,2/1/2005,2/28/2005,3.2,4.36,2/28/2005,4.030626,4.245935,2/28/2005,4.75,4.65,2/28/2005,2.27,3.78,4.2464382,4.3671545,2005
423,3/1/2005,3/31/2005,3.35,4.5,3/31/2005,4.00019,4.245014,3/31/2005,4.68,4.64,3/31/2005,2.29,3.78,4.204133,4.3635098,2005
424,4/1/2005,4/29/2005,3.33,4.21,4/29/2005,3.85412,4.107931,4/30/2005,4.58,4.47,4/30/2005,2.1,3.51,4.071884,4.2165517,2005
425,5/1/2005,5/31/2005,3.32,4,5/31/2005,3.692055,3.918653,5/31/2005,4.41,4.28,5/31/2005,2.1,3.36,3.9074385,4.0270571,2005
426,6/1/2005,6/30/2005,3.45,3.94,6/30/2005,3.541105,3.759801,6/30/2005,4.2,4.15,6/30/2005,1.98,3.24,3.7387735,3.8768607,2005
427,7/1/2005,7/29/2005,3.8,4.28,7/29/2005,3.608283,3.841525,7/31/2005,4.21,4.29,7/31/2005,2.14,3.26,3.7887981,3.9760675,2005
428,8/1/2005,8/31/2005,3.77,4.02,8/31/2005,3.474393,3.711739,8/31/2005,4.19,4.12,8/31/2005,2.14,3.21,3.6890751,3.8342173,2005
429,9/1/2005,9/30/2005,4.01,4.34,9/30/2005,3.442651,3.669292,9/30/2005,4.23,4.25,9/30/2005,2.23,3.26,3.6788557,3.8435044,2005
430,10/1/2005,10/31/2005,4.31,4.57,10/31/2005,3.670595,3.850766,10/31/2005,4.32,4.28,10/31/2005,2.41,3.49,3.8654165,3.9795362,2005
431,11/1/2005,11/30/2005,4.34,4.49,11/30/2005,3.683557,3.833246,11/30/2005,4.31,4.17,11/30/2005,2.64,3.49,3.8714899,3.9342722,2005
432,12/1/2005,12/30/2005,4.38,4.39,12/30/2005,3.458363,3.661628,12/31/2005,4.2,4.05,12/31/2005,2.71,3.34,3.6808541,3.7781396,2005
433,1/1/2006,1/31/2006,4.58,4.53,1/31/2006,3.657084,3.789869,1/31/2006,4.31,4.08,1/31/2006,2.77,3.56,3.8529588,3.8769083,2006
434,2/1/2006,2/28/2006,4.73,4.55,2/28/2006,3.656929,3.786412,2/28/2006,4.32,4.12,2/28/2006,2.85,3.58,3.8558503,3.8864884,2006
435,3/1/2006,3/31/2006,4.82,4.86,3/31/2006,3.929942,4.033101,3/31/2006,4.42,4.34,3/31/2006,3.08,3.84,4.0769594,4.1251707,2006
436,4/1/2006,4/28/2006,4.9,5.07,4/28/2006,4.120436,4.217825,4/30/2006,4.53,4.58,4/30/2006,3.17,4.08,4.2433052,4.3264775,2006
437,5/1/2006,5/31/2006,5.07,5.12,5/31/2006,4.160173,4.293176,5/31/2006,4.63,4.54,5/31/2006,3.2,4.03,4.3011211,4.3672232,2006
438,6/1/2006,6/30/2006,5.21,5.15,6/30/2006,4.228522,4.343411,6/30/2006,4.68,4.65,6/30/2006,3.38,4.17,4.3639654,4.4353877,2006
439,7/1/2006,7/31/2006,5.11,4.99,7/31/2006,4.096762,4.233334,7/31/2006,4.71,4.55,7/31/2006,3.39,4,4.2807334,4.3283338,2006
440,8/1/2006,8/31/2006,5.01,4.74,8/31/2006,3.920435,4.059818,8/31/2006,4.88,4.44,8/31/2006,3.48,3.87,4.2083045,4.1738726,2006
441,9/1/2006,9/29/2006,4.91,4.64,9/29/2006,3.782413,3.873639,9/30/2006,4.93,4.45,9/30/2006,3.56,3.73,4.1266891,4.0465473,2006
442,10/1/2006,10/31/2006,4.99,4.61,10/31/2006,3.804164,3.871342,10/31/2006,5.05,4.42,10/31/2006,3.7,3.84,4.1779148,4.0359394,2006
443,11/1/2006,11/30/2006,4.94,4.46,11/30/2006,3.765539,3.850467,11/30/2006,5.04,4.41,11/30/2006,3.7,3.77,4.1478773,4.0183269,2006
444,12/1/2006,12/29/2006,5,4.71,12/29/2006,3.993063,4.062369,12/31/2006,5.18,4.63,12/31/2006,3.85,3.99,4.3491441,4.2326583,2006
445,1/1/2007,1/31/2007,5.09,4.83,1/31/2007,4.147441,4.211443,1/31/2007,5.47,4.85,1/31/2007,3.95,4.15,4.5442087,4.4030101,2007
446,2/1/2007,2/28/2007,4.96,4.56,2/28/2007,4.009038,4.077227,2/28/2007,5.36,4.68,2/28/2007,3.92,4.01,4.4143266,4.2580589,2007
447,3/1/2007,3/30/2007,4.9,4.65,3/30/2007,4.137075,4.236234,3/31/2007,5.46,4.86,3/31/2007,4.02,4.11,4.5339525,4.4233638,2007
448,4/1/2007,4/30/2007,4.89,4.63,4/30/2007,4.233225,4.331993,4/30/2007,5.57,4.92,4/30/2007,4.14,4.28,4.6342575,4.5083951,2007
449,5/1/2007,5/31/2007,4.95,4.9,5/31/2007,4.446215,4.522868,5/31/2007,5.74,5.13,5/31/2007,4.33,4.44,4.8343505,4.7050076,2007
450,6/1/2007,6/29/2007,4.91,5.03,6/29/2007,4.591625,4.662242,6/30/2007,5.83,5.36,6/30/2007,4.39,4.61,4.9631375,4.8715694,2007
451,7/1/2007,7/31/2007,4.85,4.78,7/31/2007,4.43911,4.508642,7/31/2007,5.77,5.12,7/31/2007,4.36,4.42,4.838377,4.6920494,2007
452,8/1/2007,8/31/2007,4.19,4.54,8/31/2007,4.472899,4.583451,8/31/2007,5.59,4.94,8/31/2007,4.11,4.36,4.8080293,4.6904157,2007
453,9/1/2007,9/28/2007,4.05,4.59,9/28/2007,4.532193,4.64206,9/30/2007,5.28,4.95,9/30/2007,4.08,4.43,4.7565351,4.734442,2007
454,10/1/2007,10/31/2007,4.04,4.48,10/31/2007,4.436423,4.545093,10/31/2007,5.33,4.87,10/31/2007,4.12,4.29,4.7044961,4.6425651,2007
455,11/1/2007,11/30/2007,3.26,3.97,11/30/2007,4.454003,4.635759,11/30/2007,4.97,4.64,11/30/2007,3.94,4.21,4.6088021,4.6370313,2007
456,12/1/2007,12/31/2007,3.34,4.04,12/31/2007,4.541912,4.656616,12/31/2007,4.76,4.52,12/31/2007,4.07,4.46,4.6073384,4.6156312,2007
457,1/1/2008,1/31/2008,2.11,3.67,1/31/2008,4.365754,4.600109,1/31/2008,4.54,4.49,1/31/2008,3.63,4.1,4.4180278,4.5670763,2008
458,2/1/2008,2/29/2008,1.77,3.53,2/29/2008,4.433757,4.686465,2/29/2008,4.42,4.53,2/29/2008,3.48,4.1,4.4296299,4.6395255,2008
459,3/1/2008,3/31/2008,1.55,3.45,3/31/2008,4.4769,4.748198,3/31/2008,4.31,4.42,3/31/2008,3.71,4.12,4.42683,4.6497386,2008
460,4/1/2008,4/30/2008,1.85,3.77,4/30/2008,4.579799,4.762969,4/30/2008,4.53,4.73,4/30/2008,3.95,4.33,4.5648593,4.7530783,2008
461,5/1/2008,5/30/2008,2.22,4.06,5/30/2008,4.742395,4.905714,5/31/2008,5.07,5,5/31/2008,4.32,4.55,4.8406765,4.9339998,2008
462,6/1/2008,6/30/2008,2.36,3.99,6/30/2008,4.860133,4.960432,6/30/2008,5.22,5.17,6/30/2008,4.6,4.72,4.9680931,5.0233024,2008
463,7/1/2008,7/31/2008,2.27,3.99,7/31/2008,4.695193,4.813825,7/31/2008,4.98,4.85,7/31/2008,4.44,4.56,4.7806351,4.8246775,2008
464,8/1/2008,8/29/2008,2.17,3.83,8/29/2008,4.554635,4.712791,8/31/2008,4.77,4.53,8/31/2008,4.28,4.27,4.6192445,4.6579537,2008
465,9/1/2008,9/30/2008,1.78,3.85,9/30/2008,4.604182,4.785729,9/30/2008,4.06,4.52,9/30/2008,3.24,4.25,4.4409274,4.7060103,2008
466,10/1/2008,10/31/2008,1.34,4.01,10/31/2008,4.515647,4.680676,10/31/2008,2.86,4.7,10/31/2008,2.39,4.08,4.0189529,4.6864732,2008
467,11/1/2008,11/28/2008,0.9,2.93,11/28/2008,4.034603,4.200851,11/30/2008,1.78,4.01,11/30/2008,1.98,3.53,3.3582221,4.1435957,2008
468,12/1/2008,12/31/2008,0.37,2.25,12/31/2008,3.978103,3.871988,12/31/2008,0.91,3.39,12/31/2008,1.61,3.28,3.0576721,3.7273916,2008
469,1/1/2009,1/30/2009,0.51,2.87,1/30/2009,4.417301,4.299213,1/31/2009,0.95,4.08,1/31/2009,1.22,3.65,3.3771107,4.2334491,2009
470,2/1/2009,2/27/2009,0.72,3.02,2/27/2009,4.348516,4.371457,2/28/2009,0.77,3.82,2/28/2009,1.05,3.5,3.2749612,4.2060199,2009
471,3/1/2009,3/31/2009,0.57,2.71,3/31/2009,4.278936,4.325861,3/31/2009,0.69,3.3,3/31/2009,0.92,3.43,3.2022552,4.0181027,2009
472,4/1/2009,4/30/2009,0.49,3.16,4/30/2009,4.27961,4.296232,4/30/2009,0.67,3.64,4/30/2009,0.99,3.61,3.196727,4.0993624,2009
473,5/1/2009,5/29/2009,0.47,3.47,5/29/2009,4.660758,4.727392,5/31/2009,0.66,3.81,5/31/2009,0.91,3.93,3.4605306,4.4521744,2009
474,6/1/2009,6/30/2009,0.56,3.53,6/30/2009,4.488349,4.611484,6/30/2009,0.83,3.7,6/30/2009,0.84,3.74,3.3908443,4.3380388,2009
475,7/1/2009,7/31/2009,0.48,3.52,7/31/2009,4.235546,4.307957,7/31/2009,0.74,3.91,7/31/2009,0.73,3.66,3.1868822,4.1885699,2009
476,8/1/2009,8/31/2009,0.43,3.4,8/31/2009,4.139248,4.288128,8/31/2009,0.58,3.63,8/31/2009,0.73,3.49,3.0714736,4.0906896,2009
477,9/1/2009,9/30/2009,0.4,3.31,9/30/2009,4.098767,4.214069,9/30/2009,0.66,3.71,9/30/2009,0.72,3.49,3.0671369,4.0628483,2009
478,10/1/2009,10/30/2009,0.37,3.41,10/30/2009,4.204975,4.335676,10/31/2009,0.69,3.77,10/31/2009,0.85,3.59,3.1504825,4.1659732,2009
479,11/1/2009,11/30/2009,0.27,3.21,11/30/2009,4.112337,4.258543,11/30/2009,0.61,3.7,11/30/2009,0.8,3.4,3.0616359,4.0909801,2009
480,12/1/2009,12/31/2009,0.47,3.85,12/31/2009,4.272467,4.41376,12/31/2009,0.71,4.2,12/31/2009,0.77,3.63,3.2037269,4.349632,2009
481,1/1/2010,1/29/2010,0.3,3.63,1/29/2010,4.203258,4.200052,1/31/2010,0.71,4.11,1/31/2010,0.69,3.46,3.1552806,4.1730364,2010
482,2/1/2010,2/26/2010,0.32,3.61,2/26/2010,4.054913,4.112565,2/28/2010,0.64,4.24,2/28/2010,0.51,3.39,3.0304391,4.1507955,2010
483,3/1/2010,3/31/2010,0.34,3.31,3/31/2010,4.009031,4.046161,3/31/2010,0.68,4.18,3/31/2010,0.54,3.37,3.0103217,4.0863127,2010
484,4/1/2010,4/30/2010,0.32,2.97,4/30/2010,3.900766,3.936399,4/30/2010,0.68,4.1,4/30/2010,0.48,3.27,2.9345362,3.9854793,2010
485,5/1/2010,5/28/2010,0.29,2.94,5/31/2010,3.46714,3.62265,5/31/2010,0.61,3.79,5/31/2010,0.23,2.89,2.609998,3.672855,2010
486,6/1/2010,6/30/2010,0.25,2.47,6/30/2010,3.486145,3.541556,6/30/2010,0.6,3.59,6/30/2010,0.29,2.82,2.6203015,3.5560892,2010
487,7/1/2010,7/30/2010,0.27,2.53,7/30/2010,3.479546,3.603904,7/31/2010,0.63,3.57,7/31/2010,0.54,2.92,2.6246822,3.5937328,2010
488,8/1/2010,8/31/2010,0.22,2.63,8/31/2010,2.847595,2.860143,8/31/2010,0.58,3.02,8/31/2010,0.42,2.27,2.1673165,2.9081001,2010
489,9/1/2010,9/30/2010,0.27,2.81,9/30/2010,3.07747,3.137573,9/30/2010,0.59,3.15,9/30/2010,0.6,2.42,2.331229,3.1413011,2010
490,10/1/2010,10/29/2010,0.29,3.3,10/29/2010,3.243801,3.241835,10/31/2010,0.61,3.3,10/31/2010,0.86,2.73,2.4536607,3.2592845,2010
491,11/1/2010,11/30/2010,0.41,3.69,11/30/2010,3.46055,3.441768,11/30/2010,0.59,3.46,11/30/2010,0.67,2.91,2.599385,3.4472376,2010
492,12/1/2010,12/31/2010,0.41,3.84,12/31/2010,3.730464,3.711109,12/31/2010,0.65,3.62,12/31/2010,0.56,3.19,2.8063248,3.6837763,2010
493,1/1/2011,1/31/2011,0.26,3.42,1/31/2011,3.84153,3.830497,1/31/2011,0.79,3.88,1/31/2011,1.04,3.36,2.926071,3.8453479,2011
494,2/1/2011,2/28/2011,0.25,3.42,2/28/2011,3.878588,3.850756,2/28/2011,0.9,3.89,2/28/2011,1.1,3.33,2.9850116,3.8625292,2011
495,3/1/2011,3/31/2011,0.3,3.47,3/31/2011,3.973397,4.030367,3/31/2011,0.94,3.9,3/31/2011,1.32,3.54,3.0633779,3.9912569,2011
496,4/1/2011,4/29/2011,0.22,3.32,4/29/2011,3.868781,3.982532,4/30/2011,0.75,3.71,4/30/2011,1.46,3.45,2.9331467,3.9007724,2011
497,5/1/2011,5/31/2011,0.18,3.05,5/31/2011,3.776319,3.859928,5/31/2011,0.7,3.57,5/31/2011,1.4,3.2,2.8534233,3.7729496,2011
498,6/1/2011,6/30/2011,0.19,3.18,6/30/2011,3.843602,4.072483,6/30/2011,0.68,3.67,6/30/2011,1.39,3.16,2.8945214,3.9517381,2011
499,7/1/2011,7/29/2011,0.2,2.82,7/29/2011,3.529551,3.665328,7/31/2011,0.59,3.18,7/31/2011,1.11,2.8,2.6476857,3.5197296,2011
500,8/1/2011,8/31/2011,0.1,2.23,8/31/2011,3.282522,3.471143,8/31/2011,0.58,2.9,8/31/2011,0.65,2.35,2.4717654,3.2998001,2011
501,9/1/2011,9/30/2011,0.13,1.92,9/30/2011,2.964883,3.118232,9/30/2011,0.56,2.51,9/30/2011,0.38,2.11,2.2434181,2.9357624,2011
502,10/1/2011,10/31/2011,0.12,2.17,10/31/2011,3.32168,3.440589,10/31/2011,0.53,2.56,10/31/2011,0.42,2.32,2.484176,3.1764123,2011
503,11/1/2011,11/30/2011,0.12,2.08,11/30/2011,3.485508,3.568432,11/30/2011,0.47,2.43,11/30/2011,0.1,2.5,2.5808556,3.2269024,2011
504,12/1/2011,12/30/2011,0.12,1.89,12/30/2011,3.001626,3.074593,12/31/2011,0.38,2.1,12/31/2011,-0.02,1.99,2.2151382,2.7822151,2011
505,1/1/2012,1/31/2012,0.13,1.83,1/31/2012,3.164822,3.136836,1/31/2012,0.42,2.1,1/31/2012,0.09,1.99,2.3413754,2.8257852,2012
506,2/1/2012,2/29/2012,0.18,1.98,2/29/2012,3.056264,3.147752,2/29/2012,0.45,2.26,2/29/2012,0.13,1.97,2.2743848,2.8814264,2012
507,3/1/2012,3/30/2012,0.19,2.23,3/30/2012,3.124667,3.07956,3/31/2012,0.45,2.3,3/31/2012,0.12,1.99,2.3222669,2.845692,2012
508,4/1/2012,4/30/2012,0.2,1.95,4/30/2012,3.00662,3.061555,4/30/2012,0.44,2.22,4/30/2012,0.04,1.8,2.236634,2.8090885,2012
509,5/1/2012,5/31/2012,0.18,1.59,5/31/2012,2.328815,2.386332,5/31/2012,0.32,1.68,5/31/2012,0,1.38,1.7261705,2.1744324,2012
510,6/1/2012,6/29/2012,0.21,1.67,6/29/2012,2.821532,2.959513,6/30/2012,0.32,1.87,6/30/2012,0.03,1.73,2.0710724,2.6326591,2012
511,7/1/2012,7/31/2012,0.16,1.51,7/31/2012,2.435638,2.535211,7/31/2012,0.18,1.61,7/31/2012,-0.1,1.45,1.7589466,2.2576477,2012
512,8/1/2012,8/31/2012,0.16,1.57,8/31/2012,2.469357,2.554912,8/31/2012,0.21,1.62,8/31/2012,-0.06,1.46,1.7915499,2.2744384,2012
513,9/1/2012,9/28/2012,0.17,1.65,9/28/2012,2.593391,2.660787,9/30/2012,0.28,1.71,9/30/2012,-0.04,1.54,1.8993737,2.3755509,2012
514,10/1/2012,10/31/2012,0.18,1.72,10/31/2012,2.59106,2.690761,10/31/2012,0.31,1.87,10/31/2012,-0.01,1.6,1.906742,2.4445327,2012
515,11/1/2012,11/30/2012,0.18,1.62,11/30/2012,2.478516,2.646866,11/30/2012,0.34,1.8,11/30/2012,-0.03,1.47,1.8369612,2.3928062,2012
516,12/1/2012,12/31/2012,0.16,1.78,12/31/2012,2.371844,2.480994,12/31/2012,0.34,1.89,12/31/2012,-0.04,1.38,1.7622908,2.3036958,2012
517,1/1/2013,1/31/2013,0.15,2.02,1/31/2013,2.621201,2.714641,1/31/2013,0.31,2.19,1/31/2013,0.14,1.65,1.9278407,2.5572487,2013
518,2/1/2013,2/28/2013,0.17,1.89,2/28/2013,2.580331,2.702167,2/28/2013,0.21,2.11,2/28/2013,-0.01,1.52,1.8692317,2.5245169,2013
519,3/1/2013,3/28/2013,0.14,1.87,3/29/2013,NA,NA,3/31/2013,0.17,1.9,3/31/2013,-0.03,1.32,0.17,1.9,2013
520,4/1/2013,4/30/2013,0.11,1.7,4/30/2013,2.254405,2.451803,4/30/2013,0.21,1.79,4/30/2013,-0.01,1.26,1.6410835,2.2532621,2013
521,5/1/2013,5/31/2013,0.14,2.16,5/31/2013,2.536856,2.71742,5/31/2013,0.31,2.16,5/31/2013,-0.01,1.51,1.8687992,2.550194,2013
522,6/1/2013,6/28/2013,0.15,2.52,6/28/2013,2.74236,2.851997,6/30/2013,0.28,2.62,6/30/2013,0.06,1.76,2.003652,2.7823979,2013
523,7/1/2013,7/31/2013,0.11,2.6,7/31/2013,2.556824,2.673685,7/31/2013,0.26,2.56,7/31/2013,0.06,1.76,1.8677768,2.6395795,2013
524,8/1/2013,8/30/2013,0.13,2.78,8/30/2013,2.747652,2.859117,8/31/2013,0.3,2.83,8/31/2013,0.08,1.94,2.0133564,2.8503819,2013
525,9/1/2013,9/30/2013,0.1,2.64,9/30/2013,2.676019,2.806698,9/30/2013,0.32,2.76,9/30/2013,0.07,1.82,1.9692133,2.7926886,2013
526,10/1/2013,10/31/2013,0.1,2.57,10/31/2013,2.627948,2.796729,10/31/2013,0.31,2.7,10/31/2013,0.08,1.75,1.9325636,2.7677103,2013
527,11/1/2013,11/29/2013,0.13,2.75,11/29/2013,2.657231,2.819754,11/30/2013,0.35,2.88,11/30/2013,0.07,1.82,1.9650617,2.8378278,2013
528,12/1/2013,12/31/2013,0.13,3.04,12/31/2013,2.811052,2.938638,12/31/2013,0.37,3.16,12/31/2013,0.13,2.11,2.0787364,3.0050466,2013
529,1/1/2014,1/31/2014,0.1,2.67,1/31/2014,2.526019,2.687772,1/31/2014,0.35,2.83,1/31/2014,0.06,1.73,1.8732133,2.7304404,2014
530,2/1/2014,2/28/2014,0.12,2.66,2/28/2014,2.502598,2.668467,2/28/2014,0.34,2.86,2/28/2014,0.08,1.67,1.8538186,2.7259269,2014
531,3/1/2014,3/31/2014,0.13,2.73,3/31/2014,2.45328,2.614557,3/31/2014,0.39,2.87,3/31/2014,0.13,1.65,1.834296,2.6911899,2014
532,4/1/2014,4/30/2014,0.11,2.67,4/30/2014,2.353907,2.518862,4/30/2014,0.36,2.81,4/30/2014,0.13,1.61,1.7557349,2.6062034,2014
533,5/1/2014,5/30/2014,0.1,2.48,5/30/2014,2.22271,2.425767,5/31/2014,0.38,2.7,NA,NA,NA,1.669897,2.5080369,2014
534,6/1/2014,6/30/2014,0.11,2.53,6/30/2014,2.115711,2.363606,6/30/2014,0.57,2.81,NA,NA,NA,1.6519977,2.4975242,2014
535,7/1/2014,7/31/2014,0.12,2.58,7/31/2014,1.985597,2.232265,7/31/2014,0.59,2.76,NA,NA,NA,1.5669179,2.3905855,2014
536,8/1/2014,8/29/2014,0.09,2.35,8/29/2014,1.609217,1.871176,8/31/2014,0.48,2.39,NA,NA,NA,1.2704519,2.0268232,2014
537,9/1/2014,9/30/2014,0.13,2.52,9/30/2014,1.690314,1.975698,9/30/2014,0.51,2.47,NA,NA,NA,1.3362198,2.1239886,2014
538,10/1/2014,10/31/2014,0.11,2.35,10/31/2014,1.561569,1.859165,10/31/2014,0.42,2.31,NA,NA,NA,1.2190983,1.9944155,2014
539,11/1/2014,11/28/2014,0.13,2.18,11/28/2014,1.355895,1.691604,11/30/2014,0.4,1.99,NA,NA,NA,1.0691265,1.7811228,2014
540,12/1/2014,12/31/2014,0.25,2.17,12/31/2014,1.161526,1.466094,12/31/2014,0.31,1.82,NA,NA,NA,0.9060682,1.5722658,2014
541,1/1/2015,1/30/2015,0.18,1.68,1/30/2015,0.730255,0.989286,1/31/2015,0.29,1.39,NA,NA,NA,0.5981785,1.1095002,2015
542,2/1/2015,2/27/2015,0.22,2,2/27/2015,0.727988,1.000257,2/28/2015,0.35,1.86,NA,NA,NA,0.6145916,1.2581799,2015
543,3/1/2015,3/31/2015,0.26,1.94,3/31/2015,0.486247,0.640711,3/31/2015,0.3,1.66,NA,NA,NA,0.4303729,0.9464977,2015
544,4/1/2015,4/30/2015,0.24,2.05,4/30/2015,0.689049,0.894326,4/30/2015,0.38,1.94,NA,NA,NA,0.5963343,1.2080282,2015
545,5/1/2015,5/29/2015,0.26,2.12,5/29/2015,0.955338,1.194455,5/31/2015,0.4,1.92,NA,NA,NA,0.7887366,1.4121185,2015
546,6/1/2015,6/30/2015,0.28,2.35,6/30/2015,1.407677,1.716979,6/30/2015,0.44,2.16,NA,NA,NA,1.1173739,1.8498853,2015
547,7/1/2015,7/31/2015,0.33,2.2,7/31/2015,1.188006,1.398719,7/31/2015,0.47,2.01,NA,NA,NA,0.9726042,1.5821033,2015
548,8/1/2015,8/31/2015,0.39,2.21,8/31/2015,1.295598,1.501197,8/31/2015,0.45,1.97,NA,NA,NA,1.0419186,1.6418379,2015
549,9/1/2015,9/30/2015,0.33,2.06,9/30/2015,1.135563,1.432498,9/30/2015,0.42,1.79,NA,NA,NA,0.9208941,1.5397486,2015
550,10/1/2015,10/30/2015,0.34,2.16,10/30/2015,1.067655,1.373521,10/31/2015,0.46,1.95,NA,NA,NA,0.8853585,1.5464647,2015
551,11/1/2015,11/20/2015,0.49,2.26,11/16/2015,1.153937,1.512658,NA,NA,NA,NA,NA,NA,NA,NA,2015
552,NA,NA,NA,NA,NA,NA,NA,NA,NA,NA,NA,NA,NA,NA,NA,NA
