DATE,VALUE
2016-03-11,4.47
2016-03-10,4.58
2016-03-09,4.61
2016-03-08,4.6
2016-03-07,4.6
2016-03-04,4.61
2016-03-03,4.71
2016-03-02,4.75
2016-03-01,4.82
2016-02-29,4.84
2016-02-26,4.9
2016-02-25,4.84
2016-02-24,4.61
2016-02-23,4.58
2016-02-22,4.62
2016-02-19,4.66
2016-02-18,4.66
2016-02-17,4.72
2016-02-16,4.8
2016-02-15,4.8
2016-02-12,4.85
2016-02-11,4.83
2016-02-10,4.77
2016-02-09,4.76
2016-02-08,4.68
2016-02-05,4.65
2016-02-04,4.66
2016-02-03,4.7
2016-02-02,4.71
2016-02-01,4.69
2016-01-31,4.68
2016-01-29,4.65
2016-01-28,4.71
2016-01-27,4.84
2016-01-26,4.9
2016-01-25,4.91
2016-01-22,4.92
2016-01-21,5.02
2016-01-20,4.98
2016-01-19,4.88
2016-01-18,4.92
2016-01-15,4.81
2016-01-14,4.74
2016-01-13,4.64
2016-01-12,4.61
2016-01-11,4.57
2016-01-08,4.52
2016-01-07,4.59
2016-01-06,4.52
2016-01-05,4.58
2016-01-04,4.61
2015-12-31,4.61
2015-12-30,4.61
2015-12-29,4.59
2015-12-28,4.62
2015-12-24,4.59
2015-12-23,4.61
2015-12-22,4.6
2015-12-21,4.57
2015-12-18,4.53
2015-12-17,4.46
2015-12-16,4.49
2015-12-15,4.52
2015-12-14,4.54
2015-12-11,4.47
2015-12-10,4.3
2015-12-09,4.18
2015-12-08,4.1
2015-12-07,3.98
2015-12-04,3.97
2015-12-03,3.95
2015-12-02,3.85
2015-12-01,3.75
2015-11-30,3.7
2015-11-27,3.6
2015-11-26,3.59
2015-11-25,3.55
2015-11-24,3.54
2015-11-23,3.51
2015-11-20,3.5
2015-11-19,3.57
2015-11-18,3.6
2015-11-17,3.64
2015-11-16,3.69
2015-11-13,3.68
2015-11-12,3.65
2015-11-11,3.64
2015-11-10,3.65
2015-11-09,3.62
2015-11-06,3.61
2015-11-05,3.57
2015-11-04,3.56
2015-11-03,3.63
2015-11-02,3.72
2015-10-31,3.73
2015-10-30,3.74
2015-10-29,3.77
2015-10-28,3.78
2015-10-27,3.83
2015-10-26,3.84
2015-10-23,3.93
2015-10-22,4.02
2015-10-21,4.09
2015-10-20,4.04
2015-10-19,3.98
2015-10-16,3.99
2015-10-15,4.03
2015-10-14,4.03
2015-10-13,3.98
2015-10-12,3.92
2015-10-09,3.96
2015-10-08,4.06
2015-10-07,4.02
2015-10-06,4.13
2015-10-05,4.23
2015-10-02,4.33
2015-10-01,4.35
2015-09-30,4.44
2015-09-29,4.47
2015-09-28,4.31
2015-09-25,4.24
2015-09-24,4.26
2015-09-23,4.07
2015-09-22,3.91
2015-09-21,3.79
2015-09-18,3.65
2015-09-17,3.68
2015-09-16,3.68
2015-09-15,3.71
2015-09-14,3.69
2015-09-11,3.7
2015-09-10,3.65
2015-09-09,3.56
2015-09-08,3.54
2015-09-07,3.51
2015-09-04,3.49
2015-09-03,3.49
2015-09-02,3.49
2015-09-01,3.47
2015-08-31,3.46
2015-08-28,3.41
2015-08-27,3.45
2015-08-26,3.52
2015-08-25,3.52
2015-08-24,3.49
2015-08-21,3.34
2015-08-20,3.3
2015-08-19,3.24
2015-08-18,3.21
2015-08-17,3.18
2015-08-14,3.18
2015-08-13,3.16
2015-08-12,3.17
2015-08-11,3.15
2015-08-10,3.22
2015-08-07,3.2
2015-08-06,3.18
2015-08-05,3.08
2015-08-04,3.05
2015-08-03,3.06
2015-07-31,3.06
2015-07-30,3.16
2015-07-29,3.17
2015-07-28,3.18
2015-07-27,3.16
2015-07-24,3.07
2015-07-23,3.04
2015-07-22,3.03
2015-07-21,3.02
2015-07-20,3.01
2015-07-17,3.04
2015-07-16,3.08
2015-07-15,3.11
2015-07-14,3.13
2015-07-13,3.15
2015-07-10,3.18
2015-07-09,3.18
2015-07-08,3.18
2015-07-07,3.13
2015-07-06,3.12
2015-07-03,3.1
2015-07-02,3.11
2015-07-01,3.13
2015-06-30,3.15
2015-06-29,3.12
2015-06-26,3.09
2015-06-25,3.08
2015-06-24,3.08
2015-06-23,3.11
2015-06-22,3.15
2015-06-19,3.16
2015-06-18,3.17
2015-06-17,3.17
2015-06-16,3.14
2015-06-15,3.1
2015-06-12,3.06
2015-06-11,3.06
2015-06-10,3.08
2015-06-09,3.05
2015-06-08,3.02
2015-06-05,2.99
2015-06-04,2.97
2015-06-03,2.91
2015-06-02,2.87
2015-06-01,2.83
2015-05-31,2.81
2015-05-29,2.76
2015-05-28,2.75
2015-05-27,2.73
2015-05-26,2.72
2015-05-22,2.72
2015-05-21,2.74
2015-05-20,2.75
2015-05-19,2.75
2015-05-18,2.79
2015-05-15,2.82
2015-05-14,2.86
2015-05-13,2.85
2015-05-12,2.91
2015-05-11,2.87
2015-05-08,2.9
2015-05-07,2.93
2015-05-06,2.89
2015-05-05,2.86
2015-05-04,2.85
2015-05-01,2.83
2015-04-30,2.83
2015-04-29,2.82
2015-04-28,2.78
2015-04-27,2.8
2015-04-24,2.82
2015-04-23,2.84
2015-04-22,2.89
2015-04-21,2.89
2015-04-20,2.85
2015-04-17,2.84
2015-04-16,2.81
2015-04-15,2.8
2015-04-14,2.8
2015-04-13,2.82
2015-04-10,2.83
2015-04-09,2.82
2015-04-08,2.87
2015-04-07,2.93
2015-04-06,2.95
2015-04-02,2.96
2015-04-01,2.98
2015-03-31,3.03
2015-03-30,3.06
2015-03-27,3.06
2015-03-26,3.06
2015-03-25,3.05
2015-03-24,3.1
2015-03-23,3.14
2015-03-20,3.15
2015-03-19,3.18
2015-03-18,3.2
2015-03-17,3.19
2015-03-16,3.12
2015-03-13,3.08
2015-03-12,3.03
2015-03-11,3.04
2015-03-10,3.05
2015-03-09,3.01
2015-03-06,2.99
2015-03-05,3.03
2015-03-04,3.08
2015-03-03,3.1
2015-03-02,3.17
2015-02-28,3.22
2015-02-27,3.24
2015-02-26,3.25
2015-02-25,3.3
2015-02-24,3.28
2015-02-23,3.28
2015-02-20,3.27
2015-02-19,3.3
2015-02-18,3.32
2015-02-17,3.37
2015-02-16,3.38
2015-02-13,3.41
2015-02-12,3.46
2015-02-11,3.54
2015-02-10,3.55
2015-02-09,3.53
2015-02-06,3.53
2015-02-05,3.58
2015-02-04,3.62
2015-02-03,3.66
2015-02-02,3.71
2015-01-31,3.72
2015-01-30,3.71
2015-01-29,3.62
2015-01-28,3.56
2015-01-27,3.53
2015-01-26,3.49
2015-01-23,3.47
2015-01-22,3.62
2015-01-21,3.68
2015-01-20,3.68
2015-01-19,3.7
2015-01-15,3.75
2015-01-14,3.8
2015-01-13,3.83
2015-01-12,3.8
2015-01-09,3.77
2015-01-08,3.8
2015-01-07,3.85
2015-01-06,3.84
2015-01-05,3.71
2015-01-02,3.67
2014-12-31,3.65
2014-12-30,3.63
2014-12-29,3.64
2014-12-26,3.63
2014-12-24,3.63
2014-12-23,3.64
2014-12-22,3.64
2014-12-19,3.7
2014-12-18,3.8
2014-12-17,4.04
2014-12-16,4.07
2014-12-15,3.79
2014-12-12,3.63
2014-12-11,3.47
2014-12-10,3.37
2014-12-09,3.3
2014-12-08,3.23
2014-12-05,3.2
2014-12-04,3.16
2014-12-03,3.14
2014-12-02,3.07
2014-12-01,3.04
2014-11-30,2.99
2014-11-28,3.02
2014-11-27,2.99
2014-11-26,2.99
2014-11-25,2.99
2014-11-24,3.0
2014-11-21,3.02
2014-11-20,3.05
2014-11-19,3.05
2014-11-18,3.01
2014-11-17,3.02
2014-11-14,2.94
2014-11-13,2.85
2014-11-12,2.85
2014-11-11,2.85
2014-11-10,2.87
2014-11-07,2.88
2014-11-06,2.87
2014-11-05,2.88
2014-11-04,2.88
2014-11-03,2.88
2014-10-31,2.91
2014-10-30,3.0
2014-10-29,3.01
2014-10-28,3.03
2014-10-27,3.05
2014-10-24,3.05
2014-10-23,3.06
2014-10-22,3.06
2014-10-21,3.08
2014-10-20,3.09
2014-10-17,3.09
2014-10-16,3.11
2014-10-15,3.03
2014-10-14,3.03
2014-10-13,3.03
2014-10-10,3.01
2014-10-09,2.96
2014-10-08,2.97
2014-10-07,2.96
2014-10-06,2.96
2014-10-03,2.99
2014-10-02,2.98
2014-10-01,2.96
2014-09-30,2.99
2014-09-29,2.96
2014-09-26,2.92
2014-09-25,2.88
2014-09-24,2.88
2014-09-23,2.89
2014-09-22,2.88
2014-09-19,2.89
2014-09-18,2.93
2014-09-17,2.93
2014-09-16,2.95
2014-09-15,2.93
2014-09-12,2.93
2014-09-11,2.9
2014-09-10,2.9
2014-09-09,2.89
2014-09-08,2.87
2014-09-05,2.86
2014-09-04,2.9
2014-09-03,2.93
2014-09-02,2.97
2014-09-01,2.94
2014-08-31,2.92
2014-08-29,2.91
2014-08-28,2.86
2014-08-27,2.82
2014-08-26,2.85
2014-08-25,2.88
2014-08-22,2.9
2014-08-21,2.92
2014-08-20,2.95
2014-08-19,2.96
2014-08-18,3.01
2014-08-15,3.04
2014-08-14,3.05
2014-08-13,3.08
2014-08-12,3.13
2014-08-11,3.16
2014-08-08,3.2
2014-08-07,3.18
2014-08-06,3.16
2014-08-05,3.12
2014-08-04,3.08
2014-08-01,3.06
2014-07-31,3.03
2014-07-30,3.0
2014-07-29,2.99
2014-07-28,2.98
2014-07-25,2.94
2014-07-24,2.9
2014-07-23,2.89
2014-07-22,2.91
2014-07-21,2.9
2014-07-18,2.86
2014-07-17,2.84
2014-07-16,2.78
2014-07-15,2.78
2014-07-14,2.78
2014-07-11,2.78
2014-07-10,2.78
2014-07-09,2.76
2014-07-08,2.74
2014-07-07,2.76
2014-07-04,2.78
2014-07-03,2.78
2014-07-02,2.78
2014-07-01,2.77
2014-06-30,2.76
2014-06-27,2.72
2014-06-26,2.71
2014-06-25,2.7
2014-06-24,2.72
2014-06-23,2.73
2014-06-20,2.74
2014-06-19,2.73
2014-06-18,2.77
2014-06-17,2.79
2014-06-16,2.77
2014-06-13,2.76
2014-06-12,2.76
2014-06-11,2.76
2014-06-10,2.76
2014-06-09,2.76
2014-06-06,2.78
2014-06-05,2.85
2014-06-04,2.86
2014-06-03,2.85
2014-06-02,2.83
2014-05-31,2.86
2014-05-30,2.82
2014-05-29,2.81
2014-05-28,2.83
2014-05-27,2.86
2014-05-26,2.88
2014-05-23,2.91
2014-05-22,2.92
2014-05-21,2.93
2014-05-20,2.92
2014-05-19,2.91
2014-05-16,2.94
2014-05-15,2.91
2014-05-14,2.93
2014-05-13,2.94
2014-05-12,2.99
2014-05-09,3.01
2014-05-08,3.06
2014-05-07,3.13
2014-05-06,3.15
2014-05-05,3.17
2014-05-02,3.17
2014-05-01,3.18
2014-04-30,3.19
2014-04-29,3.19
2014-04-28,3.21
2014-04-25,3.19
2014-04-24,3.16
2014-04-23,3.18
2014-04-22,3.19
2014-04-21,3.2
2014-04-17,3.21
2014-04-16,3.2
2014-04-15,3.18
2014-04-14,3.19
2014-04-11,3.16
2014-04-10,3.16
2014-04-09,3.19
2014-04-08,3.2
2014-04-07,3.18
2014-04-04,3.18
2014-04-03,3.22
2014-04-02,3.22
2014-04-01,3.22
2014-03-31,3.25
2014-03-28,3.22
2014-03-27,3.28
2014-03-26,3.3
2014-03-25,3.32
2014-03-24,3.33
2014-03-21,3.33
2014-03-20,3.32
2014-03-19,3.29
2014-03-18,3.32
2014-03-17,3.36
2014-03-14,3.36
2014-03-13,3.34
2014-03-12,3.34
2014-03-11,3.3
2014-03-10,3.28
2014-03-07,3.26
2014-03-06,3.26
2014-03-05,3.25
2014-03-04,3.27
2014-03-03,3.29
2014-02-28,3.22
2014-02-27,3.17
2014-02-26,3.19
2014-02-25,3.2
2014-02-24,3.23
2014-02-21,3.24
2014-02-20,3.27
2014-02-19,3.25
2014-02-18,3.25
2014-02-17,3.25
2014-02-14,3.27
2014-02-13,3.27
2014-02-12,3.29
2014-02-11,3.3
2014-02-10,3.33
2014-02-07,3.35
2014-02-06,3.39
2014-02-05,3.4
2014-02-04,3.44
2014-02-03,3.44
2014-01-31,3.43
2014-01-30,3.34
2014-01-29,3.31
2014-01-28,3.3
2014-01-27,3.3
2014-01-24,3.25
2014-01-23,3.21
2014-01-22,3.2
2014-01-21,3.2
2014-01-20,3.21
2014-01-17,3.22
2014-01-16,3.23
2014-01-15,3.26
2014-01-14,3.26
2014-01-13,3.26
2014-01-10,3.28
2014-01-09,3.31
2014-01-08,3.3
2014-01-07,3.29
2014-01-06,3.31
2014-01-03,3.34
2014-01-02,3.36
2013-12-31,3.37
2013-12-30,3.35
2013-12-27,3.37
2013-12-26,3.34
2013-12-24,3.34
2013-12-23,3.35
2013-12-20,3.35
2013-12-19,3.35
2013-12-18,3.35
2013-12-17,3.35
2013-12-16,3.36
2013-12-13,3.38
2013-12-12,3.38
2013-12-11,3.37
2013-12-10,3.37
2013-12-09,3.39
2013-12-06,3.4
2013-12-05,3.4
2013-12-04,3.37
2013-12-03,3.35
2013-12-02,3.35
2013-11-30,3.4
2013-11-29,3.38
2013-11-28,3.39
2013-11-27,3.4
2013-11-26,3.4
2013-11-25,3.4
2013-11-22,3.43
2013-11-21,3.44
2013-11-20,3.42
2013-11-19,3.42
2013-11-18,3.41
2013-11-15,3.44
2013-11-14,3.45
2013-11-13,3.48
2013-11-12,3.47
2013-11-11,3.44
2013-11-08,3.44
2013-11-07,3.4
2013-11-06,3.44
2013-11-05,3.44
2013-11-04,3.4
2013-11-01,3.41
2013-10-31,3.39
2013-10-30,3.41
2013-10-29,3.42
2013-10-28,3.43
2013-10-25,3.41
2013-10-24,3.4
2013-10-23,3.4
2013-10-22,3.4
2013-10-21,3.45
2013-10-18,3.44
2013-10-17,3.47
2013-10-16,3.6
2013-10-15,3.62
2013-10-14,3.58
2013-10-11,3.6
2013-10-10,3.63
2013-10-09,3.66
2013-10-08,3.63
2013-10-07,3.64
2013-10-04,3.65
2013-10-03,3.66
2013-10-02,3.66
2013-10-01,3.69
2013-09-30,3.7
2013-09-27,3.51
2013-09-26,3.51
2013-09-25,3.51
2013-09-24,3.51
2013-09-23,3.52
2013-09-20,3.54
2013-09-19,3.55
2013-09-18,3.67
2013-09-17,3.67
2013-09-16,3.67
2013-09-13,3.75
2013-09-12,3.73
2013-09-11,3.76
2013-09-10,3.8
2013-09-09,3.78
2013-09-06,3.78
2013-09-05,3.82
2013-09-04,3.77
2013-09-03,3.76
2013-09-02,3.75
2013-08-29,3.74
2013-08-28,3.75
2013-08-27,3.71
2013-08-26,3.73
2013-08-23,3.74
2013-08-22,3.73
2013-08-21,3.7
2013-08-20,3.68
2013-08-19,3.66
2013-08-16,3.64
2013-08-15,3.64
2013-08-14,3.61
2013-08-13,3.62
2013-08-12,3.58
2013-08-09,3.59
2013-08-08,3.59
2013-08-07,3.6
2013-08-06,3.6
2013-08-05,3.61
2013-08-02,3.62
2013-08-01,3.63
2013-07-31,3.66
2013-07-30,3.63
2013-07-29,3.64
2013-07-26,3.64
2013-07-25,3.64
2013-07-24,3.61
2013-07-23,3.59
2013-07-22,3.59
2013-07-19,3.63
2013-07-18,3.65
2013-07-17,3.69
2013-07-16,3.69
2013-07-15,3.71
2013-07-12,3.72
2013-07-11,3.75
2013-07-10,3.81
2013-07-09,3.82
2013-07-08,3.87
2013-07-05,3.88
2013-07-04,3.87
2013-07-03,3.93
2013-07-02,3.87
2013-07-01,3.91
2013-06-30,3.92
2013-06-28,3.97
2013-06-27,3.98
2013-06-26,4.08
2013-06-25,4.14
2013-06-24,4.17
2013-06-21,3.93
2013-06-20,3.84
2013-06-19,3.58
2013-06-18,3.58
2013-06-17,3.54
2013-06-14,3.55
2013-06-13,3.65
2013-06-12,3.67
2013-06-11,3.72
2013-06-10,3.56
2013-06-07,3.54
2013-06-06,3.51
2013-06-05,3.4
2013-06-04,3.31
2013-06-03,3.3
2013-05-31,3.24
2013-05-30,3.17
2013-05-29,3.17
2013-05-28,3.1
2013-05-27,3.09
2013-05-24,3.08
2013-05-23,3.07
2013-05-22,3.02
2013-05-21,3.04
2013-05-20,3.01
2013-05-17,3.0
2013-05-16,3.01
2013-05-15,3.02
2013-05-14,3.01
2013-05-13,3.01
2013-05-10,3.0
2013-05-09,2.97
2013-05-08,2.98
2013-05-07,3.01
2013-05-06,3.0
2013-05-03,3.01
2013-05-02,3.01
2013-05-01,3.04
2013-04-30,3.05
2013-04-29,3.07
2013-04-26,3.12
2013-04-25,3.14
2013-04-24,3.15
2013-04-23,3.18
2013-04-22,3.2
2013-04-19,3.23
2013-04-18,3.22
2013-04-17,3.21
2013-04-16,3.23
2013-04-15,3.21
2013-04-12,3.23
2013-04-11,3.25
2013-04-10,3.27
2013-04-09,3.28
2013-04-08,3.29
2013-04-05,3.3
2013-04-04,3.32
2013-04-03,3.36
2013-04-02,3.39
2013-04-01,3.41
2013-03-31,3.41
2013-03-28,3.4
2013-03-27,3.39
2013-03-26,3.38
2013-03-25,3.37
2013-03-22,3.37
2013-03-21,3.33
2013-03-20,3.34
2013-03-19,3.36
2013-03-18,3.38
2013-03-15,3.37
2013-03-14,3.39
2013-03-13,3.39
2013-03-12,3.39
2013-03-11,3.4
2013-03-08,3.42
2013-03-07,3.42
2013-03-06,3.42
2013-03-05,3.45
2013-03-04,3.45
2013-03-01,3.47
2013-02-28,3.48
2013-02-27,3.51
2013-02-26,3.52
2013-02-25,3.54
2013-02-22,3.59
2013-02-21,3.61
2013-02-20,3.62
2013-02-19,3.62
2013-02-18,3.65
2013-02-15,3.66
2013-02-14,3.66
2013-02-13,3.69
2013-02-12,3.68
2013-02-11,3.68
2013-02-08,3.68
2013-02-07,3.68
2013-02-06,3.7
2013-02-05,3.7
2013-02-04,3.66
2013-02-01,3.66
2013-01-31,3.66
2013-01-30,3.59
2013-01-29,3.53
2013-01-28,3.51
2013-01-25,3.46
2013-01-24,3.42
2013-01-23,3.4
2013-01-22,3.38
2013-01-21,3.38
2013-01-18,3.37
2013-01-17,3.37
2013-01-16,3.35
2013-01-15,3.35
2013-01-14,3.33
2013-01-11,3.34
2013-01-10,3.33
2013-01-09,3.31
2013-01-08,3.34
2013-01-07,3.36
2013-01-04,3.39
2013-01-03,3.38
2013-01-02,3.41
2012-12-31,3.43
2012-12-28,3.46
2012-12-27,3.48
2012-12-26,3.49
2012-12-24,3.49
2012-12-21,3.5
2012-12-20,3.51
2012-12-19,3.51
2012-12-18,3.53
2012-12-17,3.53
2012-12-14,3.53
2012-12-13,3.54
2012-12-12,3.56
2012-12-11,3.58
2012-12-10,3.59
2012-12-07,3.59
2012-12-06,3.6
2012-12-05,3.65
2012-12-04,3.68
2012-12-03,3.69
2012-11-30,3.69
2012-11-29,3.63
2012-11-28,3.64
2012-11-27,3.68
2012-11-26,3.68
2012-11-23,3.7
2012-11-22,3.7
2012-11-21,3.71
2012-11-20,3.71
2012-11-19,3.72
2012-11-16,3.72
2012-11-15,3.72
2012-11-14,3.71
2012-11-13,3.72
2012-11-12,3.71
2012-11-09,3.71
2012-11-08,3.71
2012-11-07,3.71
2012-11-06,3.75
2012-11-05,3.78
2012-11-02,3.79
2012-11-01,3.8
2012-10-31,3.82
2012-10-29,3.72
2012-10-26,3.74
2012-10-25,3.75
2012-10-24,3.76
2012-10-23,3.75
2012-10-22,3.75
2012-10-19,3.74
2012-10-18,3.76
2012-10-17,3.78
2012-10-16,3.79
2012-10-15,3.81
2012-10-12,3.83
2012-10-11,3.87
2012-10-10,3.89
2012-10-09,3.89
2012-10-08,3.89
2012-10-05,3.91
2012-10-04,3.91
2012-10-03,3.92
2012-10-02,3.94
2012-10-01,3.97
2012-09-30,3.96
2012-09-28,3.96
2012-09-27,3.98
2012-09-26,3.98
2012-09-25,3.98
2012-09-24,3.98
2012-09-21,3.96
2012-09-20,3.96
2012-09-19,3.97
2012-09-18,3.98
2012-09-17,3.98
2012-09-14,4.0
2012-09-13,4.02
2012-09-12,4.03
2012-09-11,4.02
2012-09-10,4.03
2012-09-07,4.04
2012-09-06,4.06
2012-09-05,4.03
2012-09-04,4.02
2012-09-03,4.03
2012-08-31,4.03
2012-08-30,3.97
2012-08-29,3.98
2012-08-28,3.99
2012-08-27,4.0
2012-08-24,3.99
2012-08-23,3.99
2012-08-22,4.06
2012-08-21,4.06
2012-08-20,4.06
2012-08-17,4.08
2012-08-16,4.1
2012-08-15,4.11
2012-08-14,4.12
2012-08-13,4.1
2012-08-10,4.1
2012-08-09,4.13
2012-08-08,4.12
2012-08-07,4.16
2012-08-06,4.17
2012-08-03,4.21
2012-08-02,4.2
2012-08-01,4.25
2012-07-31,4.26
2012-07-30,4.29
2012-07-27,4.35
2012-07-26,4.35
2012-07-25,4.37
2012-07-24,4.37
2012-07-23,4.34
2012-07-20,4.29
2012-07-19,4.31
2012-07-18,4.34
2012-07-17,4.36
2012-07-16,4.39
2012-07-13,4.41
2012-07-12,4.43
2012-07-11,4.45
2012-07-10,4.46
2012-07-09,4.5
2012-07-06,4.5
2012-07-05,4.52
2012-07-04,4.57
2012-07-03,4.62
2012-07-02,4.63
2012-06-30,4.66
2012-06-29,4.71
2012-06-28,4.74
2012-06-27,4.76
2012-06-26,4.76
2012-06-25,4.75
2012-06-22,4.79
2012-06-21,4.78
2012-06-20,4.81
2012-06-19,4.83
2012-06-18,4.81
2012-06-15,4.82
2012-06-14,4.85
2012-06-13,4.86
2012-06-12,4.86
2012-06-11,4.8
2012-06-08,4.87
2012-06-07,4.9
2012-06-06,4.92
2012-06-05,4.92
2012-06-04,4.91
2012-06-01,4.89
2012-05-31,4.84
2012-05-30,4.76
2012-05-29,4.74
2012-05-28,4.75
2012-05-25,4.76
2012-05-24,4.76
2012-05-23,4.74
2012-05-22,4.74
2012-05-21,4.77
2012-05-18,4.76
2012-05-17,4.69
2012-05-16,4.7
2012-05-15,4.63
2012-05-14,4.61
2012-05-11,4.59
2012-05-10,4.6
2012-05-09,4.6
2012-05-08,4.57
2012-05-07,4.59
2012-05-04,4.58
2012-05-03,4.59
2012-05-02,4.61
2012-05-01,4.65
2012-04-30,4.7
2012-04-27,4.75
2012-04-26,4.76
2012-04-25,4.79
2012-04-24,4.82
2012-04-23,4.8
2012-04-20,4.82
2012-04-19,4.8
2012-04-18,4.82
2012-04-17,4.84
2012-04-16,4.86
2012-04-13,4.87
2012-04-12,4.91
2012-04-11,4.92
2012-04-10,4.89
2012-04-09,4.84
2012-04-05,4.84
2012-04-04,4.85
2012-04-03,4.84
2012-04-02,4.83
2012-03-31,4.84
2012-03-30,4.79
2012-03-29,4.8
2012-03-28,4.79
2012-03-27,4.82
2012-03-26,4.83
2012-03-23,4.83
2012-03-22,4.82
2012-03-21,4.82
2012-03-20,4.83
2012-03-19,4.84
2012-03-16,4.87
2012-03-15,4.9
2012-03-14,4.89
2012-03-13,4.9
2012-03-12,4.93
2012-03-09,4.96
2012-03-08,4.99
2012-03-07,5.03
2012-03-06,5.0
2012-03-05,5.0
2012-03-02,5.0
2012-03-01,5.08
2012-02-29,5.1
2012-02-28,5.17
2012-02-27,5.2
2012-02-24,5.24
2012-02-23,5.28
2012-02-22,5.32
2012-02-21,5.35
2012-02-20,5.39
2012-02-17,5.43
2012-02-16,5.44
2012-02-15,5.4
2012-02-14,5.45
2012-02-13,5.44
2012-02-10,5.46
2012-02-09,5.48
2012-02-08,5.49
2012-02-07,5.49
2012-02-06,5.49
2012-02-03,5.5
2012-02-02,5.54
2012-02-01,5.61
2012-01-31,5.65
2012-01-30,5.58
2012-01-27,5.61
2012-01-26,5.63
2012-01-25,5.73
2012-01-24,5.82
2012-01-23,5.86
2012-01-20,5.91
2012-01-19,5.95
2012-01-18,6.0
2012-01-17,6.01
2012-01-16,6.02
2012-01-13,6.02
2012-01-12,6.07
2012-01-11,6.1
2012-01-10,6.11
2012-01-09,6.1
2012-01-06,6.09
2012-01-05,6.09
2012-01-04,6.06
2012-01-03,6.08
2011-12-31,6.11
2011-12-30,5.93
2011-12-29,5.94
2011-12-28,5.95
2011-12-27,5.96
2011-12-23,5.97
2011-12-22,5.99
2011-12-21,5.97
2011-12-20,6.0
2011-12-19,6.0
2011-12-16,5.98
2011-12-15,6.01
2011-12-14,6.02
2011-12-13,6.02
2011-12-12,6.02
2011-12-09,6.02
2011-12-08,5.98
2011-12-07,5.96
2011-12-06,5.99
2011-12-05,5.97
2011-12-02,5.97
2011-12-01,6.0
2011-11-30,6.03
2011-11-29,6.14
2011-11-28,6.12
2011-11-25,6.12
2011-11-24,6.03
2011-11-23,5.96
2011-11-22,5.83
2011-11-21,5.79
2011-11-18,5.77
2011-11-17,5.73
2011-11-16,5.68
2011-11-15,5.64
2011-11-14,5.61
2011-11-11,5.65
2011-11-10,5.63
2011-11-09,5.57
2011-11-08,5.57
2011-11-07,5.61
2011-11-04,5.63
2011-11-03,5.66
2011-11-02,5.66
2011-11-01,5.64
2011-10-31,5.57
2011-10-28,5.58
2011-10-27,5.65
2011-10-26,5.72
2011-10-25,5.76
2011-10-24,5.81
2011-10-21,5.85
2011-10-20,5.83
2011-10-19,5.86
2011-10-18,5.87
2011-10-17,5.88
2011-10-14,6.0
2011-10-13,6.03
2011-10-12,6.14
2011-10-11,6.19
2011-10-10,6.26
2011-10-07,6.29
2011-10-06,6.29
2011-10-05,6.31
2011-10-04,6.29
2011-10-03,6.19
2011-09-30,6.14
2011-09-29,6.12
2011-09-28,6.1
2011-09-27,6.1
2011-09-26,6.04
2011-09-23,5.94
2011-09-22,5.82
2011-09-21,5.63
2011-09-20,5.59
2011-09-19,5.6
2011-09-16,5.55
2011-09-15,5.6
2011-09-14,5.57
2011-09-13,5.58
2011-09-12,5.51
2011-09-09,5.42
2011-09-08,5.44
2011-09-07,5.47
2011-09-06,5.48
2011-09-05,5.44
2011-09-02,5.49
2011-09-01,5.52
2011-08-31,5.56
2011-08-30,5.58
2011-08-29,5.64
2011-08-26,5.6
2011-08-25,5.6
2011-08-24,5.63
2011-08-23,5.56
2011-08-22,5.52
2011-08-19,5.48
2011-08-18,5.42
2011-08-17,5.46
2011-08-16,5.51
2011-08-15,5.53
2011-08-12,5.57
2011-08-11,5.57
2011-08-10,5.43
2011-08-09,5.51
2011-08-08,5.31
2011-08-05,5.25
2011-08-04,5.12
2011-08-03,5.12
2011-08-02,5.09
2011-08-01,5.1
2011-07-31,5.15
2011-07-29,5.15
2011-07-28,5.17
2011-07-27,5.17
2011-07-26,5.2
2011-07-25,5.21
2011-07-22,5.22
2011-07-21,5.26
2011-07-20,5.24
2011-07-19,5.22
2011-07-18,5.2
2011-07-15,5.2
2011-07-14,5.21
2011-07-13,5.21
2011-07-12,5.24
2011-07-11,5.19
2011-07-08,5.22
2011-07-07,5.27
2011-07-06,5.28
2011-07-05,5.28
2011-07-04,5.29
2011-07-01,5.29
2011-06-30,5.32
2011-06-29,5.26
2011-06-28,5.27
2011-06-27,5.25
2011-06-24,5.2
2011-06-23,5.2
2011-06-22,5.2
2011-06-21,5.22
2011-06-20,5.22
2011-06-17,5.22
2011-06-16,5.18
2011-06-15,5.14
2011-06-14,5.15
2011-06-13,5.12
2011-06-10,5.11
2011-06-09,5.12
2011-06-08,5.14
2011-06-07,5.15
2011-06-06,5.13
2011-06-03,5.13
2011-06-02,5.11
2011-06-01,5.1
2011-05-31,5.11
2011-05-30,5.12
2011-05-27,5.13
2011-05-26,5.13
2011-05-25,5.14
2011-05-24,5.16
2011-05-23,5.13
2011-05-20,5.14
2011-05-19,5.17
2011-05-18,5.17
2011-05-17,5.17
2011-05-16,5.18
2011-05-13,5.19
2011-05-12,5.2
2011-05-11,5.2
2011-05-10,5.22
2011-05-09,5.21
2011-05-06,5.25
2011-05-05,5.25
2011-05-04,5.28
2011-05-03,5.27
2011-05-02,5.28
2011-04-30,5.28
2011-04-29,5.26
2011-04-28,5.26
2011-04-27,5.3
2011-04-26,5.29
2011-04-25,5.32
2011-04-21,5.32
2011-04-20,5.34
2011-04-19,5.34
2011-04-18,5.33
2011-04-15,5.35
2011-04-14,5.35
2011-04-13,5.36
2011-04-12,5.36
2011-04-11,5.36
2011-04-08,5.36
2011-04-07,5.34
2011-04-06,5.36
2011-04-05,5.36
2011-04-04,5.38
2011-04-01,5.41
2011-03-31,5.41
2011-03-30,5.31
2011-03-29,5.33
2011-03-28,5.32
2011-03-25,5.32
2011-03-24,5.32
2011-03-23,5.33
2011-03-22,5.34
2011-03-21,5.35
2011-03-18,5.36
2011-03-17,5.35
2011-03-16,5.31
2011-03-15,5.32
2011-03-14,5.3
2011-03-11,5.31
2011-03-10,5.3
2011-03-09,5.32
2011-03-08,5.32
2011-03-07,5.32
2011-03-04,5.33
2011-03-03,5.31
2011-03-02,5.28
2011-03-01,5.26
2011-02-28,5.28
2011-02-25,5.22
2011-02-24,5.21
2011-02-23,5.22
2011-02-22,5.23
2011-02-21,5.23
2011-02-18,5.24
2011-02-17,5.21
2011-02-16,5.23
2011-02-15,5.26
2011-02-14,5.26
2011-02-11,5.29
2011-02-10,5.31
2011-02-09,5.31
2011-02-08,5.32
2011-02-07,5.33
2011-02-04,5.35
2011-02-03,5.34
2011-02-02,5.37
2011-02-01,5.4
2011-01-31,5.41
2011-01-28,5.4
2011-01-27,5.39
2011-01-26,5.37
2011-01-25,5.37
2011-01-24,5.38
2011-01-21,5.4
2011-01-20,5.39
2011-01-19,5.36
2011-01-18,5.39
2011-01-17,5.36
2011-01-14,5.37
2011-01-13,5.39
2011-01-12,5.39
2011-01-11,5.37
2011-01-10,5.37
2011-01-07,5.36
2011-01-06,5.37
2011-01-05,5.38
2011-01-04,5.4
2011-01-03,5.44
2010-12-31,5.45
2010-12-30,5.45
2010-12-29,5.47
2010-12-28,5.47
2010-12-27,5.49
2010-12-24,5.48
2010-12-23,5.47
2010-12-22,5.46
2010-12-21,5.48
2010-12-20,5.5
2010-12-17,5.52
2010-12-16,5.53
2010-12-15,5.52
2010-12-14,5.51
2010-12-13,5.49
2010-12-10,5.5
2010-12-09,5.47
2010-12-08,5.47
2010-12-07,5.43
2010-12-06,5.43
2010-12-03,5.46
2010-12-02,5.48
2010-12-01,5.49
2010-11-30,5.49
2010-11-29,5.34
2010-11-26,5.28
2010-11-25,5.26
2010-11-24,5.24
2010-11-23,5.15
2010-11-22,5.13
2010-11-19,5.15
2010-11-18,5.15
2010-11-17,5.15
2010-11-16,5.14
2010-11-15,5.09
2010-11-12,5.06
2010-11-11,5.0
2010-11-10,5.0
2010-11-09,4.97
2010-11-08,4.96
2010-11-05,4.99
2010-11-04,4.99
2010-11-03,5.01
2010-11-02,5.04
2010-11-01,5.04
2010-10-31,5.07
2010-10-29,5.02
2010-10-28,5.06
2010-10-27,5.04
2010-10-26,5.0
2010-10-25,4.98
2010-10-22,5.01
2010-10-21,5.0
2010-10-20,5.0
2010-10-19,4.97
2010-10-18,4.94
2010-10-15,4.91
2010-10-14,4.88
2010-10-13,4.89
2010-10-12,4.92
2010-10-11,4.93
2010-10-08,4.96
2010-10-07,4.97
2010-10-06,4.98
2010-10-05,5.05
2010-10-04,5.05
2010-10-01,5.09
2010-09-30,5.11
2010-09-29,5.09
2010-09-28,5.1
2010-09-27,5.09
2010-09-24,5.12
2010-09-23,5.1
2010-09-22,5.12
2010-09-21,5.15
2010-09-20,5.15
2010-09-17,5.14
2010-09-16,5.16
2010-09-15,5.14
2010-09-14,5.13
2010-09-13,5.17
2010-09-10,5.18
2010-09-09,5.16
2010-09-08,5.15
2010-09-07,5.13
2010-09-06,5.15
2010-09-03,5.17
2010-09-02,5.17
2010-09-01,5.17
2010-08-31,5.14
2010-08-30,5.17
2010-08-27,5.19
2010-08-26,5.18
2010-08-25,5.16
2010-08-24,5.13
2010-08-23,5.16
2010-08-20,5.21
2010-08-19,5.18
2010-08-18,5.23
2010-08-17,5.27
2010-08-16,5.26
2010-08-13,5.29
2010-08-12,5.31
2010-08-11,5.3
2010-08-10,5.33
2010-08-09,5.33
2010-08-06,5.38
2010-08-05,5.38
2010-08-04,5.39
2010-08-03,5.4
2010-08-02,5.5
2010-07-31,5.51
2010-07-30,5.43
2010-07-29,5.46
2010-07-28,5.47
2010-07-27,5.49
2010-07-26,5.51
2010-07-23,5.5
2010-07-22,5.5
2010-07-21,5.53
2010-07-20,5.57
2010-07-19,5.58
2010-07-16,5.56
2010-07-15,5.56
2010-07-14,5.57
2010-07-13,5.57
2010-07-12,5.57
2010-07-09,5.6
2010-07-08,5.62
2010-07-07,5.63
2010-07-06,5.64
2010-07-05,5.65
2010-07-02,5.66
2010-07-01,5.66
2010-06-30,5.64
2010-06-29,5.61
2010-06-28,5.6
2010-06-25,5.62
2010-06-24,5.61
2010-06-23,5.6
2010-06-22,5.6
2010-06-21,5.63
2010-06-18,5.73
2010-06-17,5.74
2010-06-16,5.75
2010-06-15,5.8
2010-06-14,5.81
2010-06-11,5.86
2010-06-10,5.9
2010-06-09,5.88
2010-06-08,5.87
2010-06-07,5.9
2010-06-04,5.81
2010-06-03,5.74
2010-06-02,5.79
2010-06-01,5.8
2010-05-31,5.78
2010-05-28,5.87
2010-05-27,5.93
2010-05-26,6.0
2010-05-25,6.03
2010-05-24,5.92
2010-05-21,5.95
2010-05-20,5.74
2010-05-19,5.68
2010-05-18,5.59
2010-05-17,5.61
2010-05-14,5.55
2010-05-13,5.56
2010-05-12,5.59
2010-05-11,5.66
2010-05-10,5.65
2010-05-07,5.84
2010-05-06,5.49
2010-05-05,5.4
2010-05-04,5.32
2010-05-03,5.34
2010-04-30,5.32
2010-04-29,5.68
2010-04-28,5.71
2010-04-27,5.6
2010-04-26,5.58
2010-04-23,5.61
2010-04-22,5.59
2010-04-21,5.55
2010-04-20,5.59
2010-04-19,5.58
2010-04-16,5.59
2010-04-15,5.61
2010-04-14,5.63
2010-04-13,5.66
2010-04-12,5.72
2010-04-09,5.73
2010-04-08,5.73
2010-04-07,5.73
2010-04-06,5.75
2010-04-05,5.76
2010-04-01,5.76
2010-03-31,5.77
2010-03-30,5.76
2010-03-29,5.76
2010-03-26,5.78
2010-03-25,5.79
2010-03-24,5.79
2010-03-23,5.81
2010-03-22,5.84
2010-03-19,5.87
2010-03-18,5.86
2010-03-17,5.86
2010-03-16,5.91
2010-03-15,5.94
2010-03-12,5.95
2010-03-11,5.98
2010-03-10,5.99
2010-03-09,6.01
2010-03-08,6.07
2010-03-05,6.12
2010-03-04,6.16
2010-03-03,6.2
2010-03-02,6.23
2010-03-01,6.25
2010-02-28,6.3
2010-02-26,6.24
2010-02-25,6.25
2010-02-24,6.26
2010-02-23,6.29
2010-02-22,6.35
2010-02-19,6.37
2010-02-18,6.39
2010-02-17,6.37
2010-02-16,6.42
2010-02-15,6.42
2010-02-12,6.39
2010-02-11,6.4
2010-02-10,6.39
2010-02-09,6.41
2010-02-08,6.41
2010-02-05,6.41
2010-02-04,6.34
2010-02-03,6.34
2010-02-02,6.37
2010-02-01,6.37
2010-01-31,6.36
2010-01-29,6.38
2010-01-28,6.36
2010-01-27,6.4
2010-01-26,6.41
2010-01-25,6.38
2010-01-22,6.37
2010-01-21,6.36
2010-01-20,6.34
2010-01-19,6.35
2010-01-18,6.35
2010-01-15,6.35
2010-01-14,6.36
2010-01-13,6.36
2010-01-12,6.37
2010-01-11,6.41
2010-01-08,6.5
2010-01-07,6.54
2010-01-06,6.61
2010-01-05,6.65
2010-01-04,6.76
2009-12-31,6.8
2009-12-30,6.63
2009-12-29,6.62
2009-12-28,6.61
2009-12-24,6.59
2009-12-23,6.57
2009-12-22,6.57
2009-12-21,6.6
2009-12-18,6.58
2009-12-17,6.56
2009-12-16,6.58
2009-12-15,6.63
2009-12-14,6.65
2009-12-11,6.74
2009-12-10,6.77
2009-12-09,6.72
2009-12-08,6.71
2009-12-07,6.72
2009-12-04,6.72
2009-12-03,6.69
2009-12-02,6.68
2009-12-01,6.7
2009-11-30,6.74
2009-11-27,6.78
2009-11-26,6.7
2009-11-25,6.55
2009-11-24,6.54
2009-11-23,6.55
2009-11-20,6.54
2009-11-19,6.52
2009-11-18,6.57
2009-11-17,6.6
2009-11-16,6.65
2009-11-13,6.7
2009-11-12,6.73
2009-11-11,6.75
2009-11-10,6.76
2009-11-09,6.79
2009-11-06,6.84
2009-11-05,6.87
2009-11-04,6.85
2009-11-03,6.85
2009-11-02,6.84
2009-10-31,6.85
2009-10-30,6.89
2009-10-29,6.86
2009-10-28,6.82
2009-10-27,6.83
2009-10-26,6.83
2009-10-23,6.86
2009-10-22,6.87
2009-10-21,6.86
2009-10-20,6.84
2009-10-19,6.92
2009-10-16,6.9
2009-10-15,6.9
2009-10-14,6.91
2009-10-13,6.92
2009-10-12,6.99
2009-10-09,7.03
2009-10-08,6.99
2009-10-07,7.04
2009-10-06,7.08
2009-10-05,7.12
2009-10-02,7.14
2009-10-01,7.11
2009-09-30,7.15
2009-09-29,7.02
2009-09-28,7.08
2009-09-25,7.08
2009-09-24,7.1
2009-09-23,7.16
2009-09-22,7.22
2009-09-21,7.25
2009-09-18,7.27
2009-09-17,7.26
2009-09-16,7.31
2009-09-15,7.37
2009-09-14,7.43
2009-09-11,7.48
2009-09-10,7.57
2009-09-09,7.62
2009-09-08,7.67
2009-09-07,7.71
2009-09-04,7.75
2009-09-03,7.79
2009-09-02,7.8
2009-09-01,7.82
2009-08-31,7.82
2009-08-28,7.81
2009-08-27,7.84
2009-08-26,7.85
2009-08-25,7.91
2009-08-24,7.93
2009-08-21,7.98
2009-08-20,7.98
2009-08-19,8.02
2009-08-18,8.03
2009-08-17,8.04
2009-08-14,8.01
2009-08-13,8.08
2009-08-12,8.14
2009-08-11,8.12
2009-08-10,8.12
2009-08-07,8.16
2009-08-06,8.14
2009-08-05,8.24
2009-08-04,8.28
2009-08-03,8.45
2009-07-31,8.49
2009-07-30,8.61
2009-07-29,8.68
2009-07-28,8.72
2009-07-27,8.77
2009-07-24,8.82
2009-07-23,8.89
2009-07-22,8.95
2009-07-21,9.0
2009-07-20,9.09
2009-07-17,9.12
2009-07-16,9.17
2009-07-15,9.24
2009-07-14,9.27
2009-07-13,9.29
2009-07-10,9.3
2009-07-09,9.28
2009-07-08,9.28
2009-07-07,9.32
2009-07-06,9.35
2009-07-03,9.36
2009-07-02,9.38
2009-07-01,9.5
2009-06-30,9.56
2009-06-29,10.07
2009-06-26,10.13
2009-06-25,10.2
2009-06-24,10.24
2009-06-23,10.25
2009-06-22,10.17
2009-06-19,10.12
2009-06-18,10.13
2009-06-17,10.11
2009-06-16,10.11
2009-06-15,10.1
2009-06-12,10.18
2009-06-11,10.23
2009-06-10,10.21
2009-06-09,10.22
2009-06-08,10.3
2009-06-05,10.61
2009-06-04,10.61
2009-06-03,10.63
2009-06-02,10.69
2009-06-01,10.75
2009-05-31,10.87
2009-05-29,11.66
2009-05-28,11.66
2009-05-27,11.63
2009-05-26,11.67
2009-05-25,11.68
2009-05-22,11.7
2009-05-21,11.73
2009-05-20,11.82
2009-05-19,12.15
2009-05-18,12.21
2009-05-15,12.28
2009-05-14,12.33
2009-05-13,12.35
2009-05-12,12.42
2009-05-11,12.46
2009-05-08,12.54
2009-05-07,12.72
2009-05-06,12.83
2009-05-05,12.97
2009-05-04,13.08
2009-05-01,13.13
2009-04-30,13.13
2009-04-29,12.92
2009-04-28,13.03
2009-04-27,13.19
2009-04-24,13.22
2009-04-23,13.28
2009-04-22,13.31
2009-04-21,13.3
2009-04-20,13.2
2009-04-17,13.21
2009-04-16,13.23
2009-04-15,13.35
2009-04-14,13.6
2009-04-13,13.85
2009-04-09,13.83
2009-04-08,13.83
2009-04-07,13.86
2009-04-06,13.94
2009-04-03,13.98
2009-04-02,13.98
2009-04-01,13.97
2009-03-31,14.02
2009-03-30,14.08
2009-03-27,14.09
2009-03-26,14.12
2009-03-25,14.19
2009-03-24,14.29
2009-03-23,14.4
2009-03-20,14.46
2009-03-19,14.5
2009-03-18,14.65
2009-03-17,14.66
2009-03-16,14.78
2009-03-13,14.77
2009-03-12,14.85
2009-03-11,14.86
2009-03-10,14.87
2009-03-09,14.7
2009-03-06,14.59
2009-03-05,14.63
2009-03-04,14.67
2009-03-03,14.49
2009-03-02,14.42
2009-02-28,14.38
2009-02-27,14.23
2009-02-26,14.27
2009-02-25,14.24
2009-02-24,14.26
2009-02-23,14.22
2009-02-20,14.25
2009-02-19,14.27
2009-02-18,14.16
2009-02-17,14.03
2009-02-16,13.9
2009-02-13,13.93
2009-02-12,13.86
2009-02-11,13.88
2009-02-10,13.91
2009-02-09,13.84
2009-02-06,13.83
2009-02-05,13.78
2009-02-04,13.73
2009-02-03,13.76
2009-02-02,13.82
2009-01-31,13.73
2009-01-30,13.85
2009-01-29,13.94
2009-01-28,13.98
2009-01-27,14.08
2009-01-26,14.16
2009-01-23,14.08
2009-01-22,14.02
2009-01-21,14.03
2009-01-20,13.95
2009-01-19,14.14
2009-01-16,14.16
2009-01-15,14.22
2009-01-14,14.25
2009-01-13,14.34
2009-01-12,14.37
2009-01-09,14.64
2009-01-08,14.83
2009-01-07,14.94
2009-01-06,15.05
2009-01-05,15.22
2009-01-02,15.21
2008-12-31,15.25
2008-12-30,15.22
2008-12-29,15.16
2008-12-26,15.21
2008-12-24,15.2
2008-12-23,15.19
2008-12-22,15.19
2008-12-19,15.31
2008-12-18,15.4
2008-12-17,15.45
2008-12-16,15.51
2008-12-15,15.58
2008-12-12,15.7
2008-12-11,15.68
2008-12-10,15.87
2008-12-09,16.0
2008-12-08,15.97
2008-12-05,15.84
2008-12-04,15.76
2008-12-03,15.84
2008-12-02,15.91
2008-12-01,15.81
2008-11-30,15.93
2008-11-28,15.84
2008-11-27,16.02
2008-11-26,15.95
2008-11-25,16.01
2008-11-24,16.17
2008-11-21,16.12
2008-11-20,16.08
2008-11-19,15.83
2008-11-18,15.85
2008-11-17,15.52
2008-11-14,15.55
2008-11-13,15.51
2008-11-12,15.26
2008-11-11,15.02
2008-11-10,14.99
2008-11-07,15.12
2008-11-06,15.25
2008-11-05,15.27
2008-11-04,15.28
2008-11-03,15.92
2008-10-31,16.49
2008-10-30,16.36
2008-10-29,16.97
2008-10-28,17.06
2008-10-27,16.39
2008-10-24,16.45
2008-10-23,15.78
2008-10-22,14.42
2008-10-21,14.17
2008-10-20,14.17
2008-10-17,13.91
2008-10-16,13.67
2008-10-15,13.19
2008-10-14,12.72
2008-10-13,12.84
2008-10-10,12.6
2008-10-09,11.73
2008-10-08,11.46
2008-10-07,11.06
2008-10-06,10.92
2008-10-03,10.66
2008-10-02,10.54
2008-10-01,10.35
2008-09-30,10.34
2008-09-29,10.19
2008-09-26,10.18
2008-09-25,10.12
2008-09-24,9.99
2008-09-23,9.97
2008-09-22,9.84
2008-09-19,9.77
2008-09-18,9.84
2008-09-17,9.34
2008-09-16,9.04
2008-09-15,8.7
2008-09-12,8.47
2008-09-11,8.4
2008-09-10,8.31
2008-09-09,8.22
2008-09-08,8.16
2008-09-05,8.14
2008-09-04,8.13
2008-09-03,8.13
2008-09-02,8.1
2008-09-01,8.07
2008-08-31,8.11
2008-08-29,8.09
2008-08-28,8.12
2008-08-27,8.08
2008-08-26,8.0
2008-08-25,8.01
2008-08-22,8.08
2008-08-21,8.02
2008-08-20,7.99
2008-08-19,7.98
2008-08-18,7.98
2008-08-15,7.99
2008-08-14,8.01
2008-08-13,8.0
2008-08-12,8.02
2008-08-11,8.05
2008-08-08,8.0
2008-08-07,8.0
2008-08-06,8.08
2008-08-05,8.09
2008-08-04,8.09
2008-08-01,8.1
2008-07-31,8.08
2008-07-30,8.11
2008-07-29,8.17
2008-07-28,8.19
2008-07-25,8.23
2008-07-24,8.2
2008-07-23,8.25
2008-07-22,8.27
2008-07-21,8.27
2008-07-18,8.22
2008-07-17,8.13
2008-07-16,8.1
2008-07-15,8.07
2008-07-14,8.06
2008-07-11,8.07
2008-07-10,8.06
2008-07-09,8.06
2008-07-08,8.06
2008-07-07,8.02
2008-07-04,8.02
2008-07-03,8.06
2008-07-02,8.05
2008-07-01,8.01
2008-06-30,8.0
2008-06-27,7.97
2008-06-26,7.95
2008-06-25,7.95
2008-06-24,7.92
2008-06-23,7.89
2008-06-20,7.89
2008-06-19,7.91
2008-06-18,7.86
2008-06-17,7.85
2008-06-16,7.88
2008-06-13,7.87
2008-06-12,7.82
2008-06-11,7.77
2008-06-10,7.77
2008-06-09,7.73
2008-06-06,7.64
2008-06-05,7.62
2008-06-04,7.52
2008-06-03,7.54
2008-06-02,7.47
2008-05-31,7.51
2008-05-30,7.48
2008-05-29,7.48
2008-05-28,7.42
2008-05-27,7.42
2008-05-26,7.41
2008-05-23,7.39
2008-05-22,7.38
2008-05-21,7.36
2008-05-20,7.33
2008-05-19,7.37
2008-05-16,7.37
2008-05-15,7.42
2008-05-14,7.4
2008-05-13,7.37
2008-05-12,7.36
2008-05-09,7.35
2008-05-08,7.36
2008-05-07,7.41
2008-05-06,7.45
2008-05-05,7.51
2008-05-02,7.54
2008-05-01,7.55
2008-04-30,7.55
2008-04-29,7.56
2008-04-28,7.65
2008-04-25,7.67
2008-04-24,7.71
2008-04-23,7.71
2008-04-22,7.73
2008-04-21,7.75
2008-04-18,7.79
2008-04-17,7.74
2008-04-16,7.73
2008-04-15,7.74
2008-04-14,7.72
2008-04-11,7.7
2008-04-10,7.74
2008-04-09,7.78
2008-04-08,7.79
2008-04-07,7.83
2008-04-04,7.84
2008-04-03,7.88
2008-04-02,7.93
2008-04-01,7.91
2008-03-31,7.87
2008-03-28,7.81
2008-03-27,7.79
2008-03-26,7.78
2008-03-25,7.77
2008-03-24,7.67
2008-03-20,7.67
2008-03-19,7.66
2008-03-18,7.65
2008-03-17,7.55
2008-03-14,7.56
2008-03-13,7.56
2008-03-12,7.52
2008-03-11,7.49
2008-03-10,7.42
2008-03-07,7.45
2008-03-06,7.42
2008-03-05,7.43
2008-03-04,7.36
2008-03-03,7.36
2008-02-29,7.33
2008-02-28,7.33
2008-02-27,7.39
2008-02-26,7.38
2008-02-25,7.38
2008-02-22,7.38
2008-02-21,7.4
2008-02-20,7.38
2008-02-19,7.33
2008-02-18,7.34
2008-02-15,7.29
2008-02-14,7.3
2008-02-13,7.27
2008-02-12,7.25
2008-02-11,7.17
2008-02-08,7.13
2008-02-07,7.1
2008-02-06,7.16
2008-02-05,7.14
2008-02-04,7.18
2008-02-01,7.17
2008-01-31,7.17
2008-01-30,7.21
2008-01-29,7.18
2008-01-28,7.16
2008-01-25,7.15
2008-01-24,7.22
2008-01-23,7.17
2008-01-22,7.22
2008-01-21,7.1
2008-01-18,7.08
2008-01-17,7.11
2008-01-16,7.09
2008-01-15,7.1
2008-01-14,7.13
2008-01-11,7.11
2008-01-10,7.11
2008-01-09,7.09
2008-01-08,7.09
2008-01-07,7.04
2008-01-04,7.03
2008-01-03,7.08
2008-01-02,7.09
2007-12-31,7.17
2007-12-28,7.13
2007-12-27,7.16
2007-12-26,7.14
2007-12-24,7.14
2007-12-21,7.13
2007-12-20,7.1
2007-12-19,7.11
2007-12-18,7.11
2007-12-17,7.1
2007-12-14,7.1
2007-12-13,7.08
2007-12-12,7.1
2007-12-11,7.06
2007-12-10,7.09
2007-12-07,7.02
2007-12-06,6.96
2007-12-05,6.94
2007-12-04,6.89
2007-12-03,6.9
2007-11-30,6.92
2007-11-29,6.85
2007-11-28,6.88
2007-11-27,6.86
2007-11-26,6.78
2007-11-23,6.76
2007-11-22,6.75
2007-11-21,6.74
2007-11-20,6.66
2007-11-19,6.63
2007-11-16,6.61
2007-11-15,6.6
2007-11-14,6.6
2007-11-13,6.56
2007-11-12,6.49
2007-11-09,6.46
2007-11-08,6.48
2007-11-07,6.46
2007-11-06,6.47
2007-11-05,6.46
2007-11-02,6.44
2007-11-01,6.43
2007-10-31,6.43
2007-10-30,6.39
2007-10-29,6.38
2007-10-26,6.4
2007-10-25,6.4
2007-10-24,6.39
2007-10-23,6.42
2007-10-22,6.42
2007-10-19,6.43
2007-10-18,6.46
2007-10-17,6.47
2007-10-16,6.5
2007-10-15,6.49
2007-10-12,6.51
2007-10-11,6.47
2007-10-10,6.48
2007-10-09,6.52
2007-10-08,6.57
2007-10-05,6.59
2007-10-04,6.6
2007-10-03,6.57
2007-10-02,6.51
2007-10-01,6.5
2007-09-30,6.5
2007-09-28,6.45
2007-09-27,6.43
2007-09-26,6.43
2007-09-25,6.42
2007-09-24,6.44
2007-09-21,6.45
2007-09-20,6.44
2007-09-19,6.43
2007-09-18,6.44
2007-09-17,6.43
2007-09-14,6.45
2007-09-13,6.44
2007-09-12,6.41
2007-09-11,6.37
2007-09-10,6.33
2007-09-07,6.34
2007-09-06,6.38
2007-09-05,6.4
2007-09-04,6.43
2007-09-03,6.43
2007-08-31,6.41
2007-08-30,6.38
2007-08-29,6.37
2007-08-28,6.36
2007-08-27,6.38
2007-08-24,6.38
2007-08-23,6.39
2007-08-22,6.42
2007-08-21,6.38
2007-08-20,6.38
2007-08-17,6.34
2007-08-16,6.32
2007-08-15,6.34
2007-08-14,6.32
2007-08-13,6.32
2007-08-10,6.3
2007-08-09,6.29
2007-08-08,6.3
2007-08-07,6.29
2007-08-06,6.28
2007-08-03,6.26
2007-08-02,6.3
2007-08-01,6.27
2007-07-31,6.24
2007-07-30,6.22
2007-07-27,6.13
2007-07-26,6.05
2007-07-25,6.05
2007-07-24,6.05
2007-07-23,6.02
2007-07-20,5.99
2007-07-19,6.03
2007-07-18,6.02
2007-07-17,6.04
2007-07-16,6.01
2007-07-13,6.02
2007-07-12,6.01
2007-07-11,5.98
2007-07-10,5.97
2007-07-09,5.99
2007-07-06,5.99
2007-07-05,5.96
2007-07-04,5.93
2007-07-03,5.9
2007-07-02,5.89
2007-06-30,5.91
2007-06-29,5.91
2007-06-28,5.87
2007-06-27,5.85
2007-06-26,5.87
2007-06-25,5.88
2007-06-22,5.88
2007-06-21,5.89
2007-06-20,5.87
2007-06-19,5.86
2007-06-18,5.89
2007-06-15,5.89
2007-06-14,5.89
2007-06-13,5.89
2007-06-12,5.86
2007-06-11,5.83
2007-06-08,5.83
2007-06-07,5.77
2007-06-06,5.7
2007-06-05,5.71
2007-06-04,5.69
2007-06-01,5.7
2007-05-31,5.68
2007-05-30,5.55
2007-05-29,5.55
2007-05-25,5.55
2007-05-24,5.51
2007-05-23,5.52
2007-05-22,5.5
2007-05-21,5.49
2007-05-18,5.49
2007-05-17,5.49
2007-05-16,5.49
2007-05-15,5.49
2007-05-14,5.45
2007-05-11,5.43
2007-05-10,5.43
2007-05-09,5.43
2007-05-08,5.42
2007-05-07,5.44
2007-05-04,5.42
2007-05-03,5.44
2007-05-02,5.44
2007-05-01,5.4
2007-04-30,5.4
2007-04-27,5.4
2007-04-26,5.39
2007-04-25,5.38
2007-04-24,5.37
2007-04-23,5.38
2007-04-20,5.4
2007-04-19,5.4
2007-04-18,5.37
2007-04-17,5.4
2007-04-16,5.42
2007-04-13,5.45
2007-04-12,5.42
2007-04-11,5.4
2007-04-10,5.39
2007-04-09,5.37
2007-04-05,5.37
2007-04-04,5.36
2007-04-03,5.38
2007-04-02,5.36
2007-03-31,5.35
2007-03-30,5.35
2007-03-29,5.34
2007-03-28,5.33
2007-03-27,5.31
2007-03-26,5.31
2007-03-23,5.31
2007-03-22,5.28
2007-03-21,5.28
2007-03-20,5.27
2007-03-19,5.29
2007-03-16,5.28
2007-03-15,5.27
2007-03-14,5.25
2007-03-13,5.26
2007-03-12,5.27
2007-03-09,5.29
2007-03-08,5.28
2007-03-07,5.28
2007-03-06,5.28
2007-03-05,5.29
2007-03-02,5.25
2007-03-01,5.26
2007-02-28,5.25
2007-02-27,5.15
2007-02-26,5.15
2007-02-23,5.19
2007-02-22,5.22
2007-02-21,5.2
2007-02-20,5.21
2007-02-19,5.21
2007-02-16,5.2
2007-02-15,5.19
2007-02-14,5.24
2007-02-13,5.26
2007-02-12,5.26
2007-02-09,5.24
2007-02-08,5.21
2007-02-07,5.2
2007-02-06,5.2
2007-02-05,5.2
2007-02-02,5.22
2007-02-01,5.24
2007-01-31,5.25
2007-01-30,5.26
2007-01-29,5.24
2007-01-26,5.22
2007-01-25,5.22
2007-01-24,5.19
2007-01-23,5.18
2007-01-22,5.17
2007-01-19,5.2
2007-01-18,5.21
2007-01-17,5.2
2007-01-16,5.2
2007-01-15,5.21
2007-01-12,5.22
2007-01-11,5.2
2007-01-10,5.21
2007-01-09,5.18
2007-01-08,5.16
2007-01-05,5.16
2007-01-04,5.12
2007-01-03,5.13
2007-01-02,5.13
2006-12-31,5.16
2006-12-29,5.15
2006-12-28,5.15
2006-12-27,5.13
2006-12-26,5.11
2006-12-22,5.11
2006-12-21,5.11
2006-12-20,5.09
2006-12-19,5.1
2006-12-18,5.08
2006-12-15,5.06
2006-12-14,5.06
2006-12-13,5.04
2006-12-12,5.03
2006-12-11,5.04
2006-12-08,5.02
2006-12-07,5.02
2006-12-06,5.0
2006-12-05,5.01
2006-12-04,5.0
2006-12-01,5.0
2006-11-30,5.03
2006-11-29,5.0
2006-11-28,4.99
2006-11-27,4.99
2006-11-24,4.97
2006-11-23,4.99
2006-11-22,4.98
2006-11-21,4.99
2006-11-20,4.99
2006-11-17,5.0
2006-11-16,5.0
2006-11-15,5.0
2006-11-14,4.98
2006-11-13,4.99
2006-11-10,4.98
2006-11-09,5.0
2006-11-08,5.03
2006-11-07,5.02
2006-11-06,5.05
2006-11-03,5.03
2006-11-02,5.0
2006-11-01,4.99
2006-10-31,5.04
2006-10-30,5.11
2006-10-27,5.12
2006-10-26,5.15
2006-10-25,5.17
2006-10-24,5.17
2006-10-23,5.16
2006-10-20,5.14
2006-10-19,5.15
2006-10-18,5.14
2006-10-17,5.14
2006-10-16,5.16
2006-10-13,5.16
2006-10-12,5.16
2006-10-11,5.17
2006-10-10,5.17
2006-10-09,5.16
2006-10-06,5.15
2006-10-05,5.14
2006-10-04,5.13
2006-10-03,5.15
2006-10-02,5.13
2006-09-30,5.14
2006-09-29,5.05
2006-09-28,5.05
2006-09-27,5.03
2006-09-26,5.03
2006-09-25,5.03
2006-09-22,5.08
2006-09-21,5.11
2006-09-20,5.1
2006-09-19,5.11
2006-09-18,5.13
2006-09-15,5.09
2006-09-14,5.09
2006-09-13,5.1
2006-09-12,5.12
2006-09-11,5.1
2006-09-08,5.08
2006-09-07,5.08
2006-09-06,5.09
2006-09-05,5.06
2006-09-04,5.03
2006-09-01,5.04
2006-08-31,5.04
2006-08-30,5.03
2006-08-29,5.05
2006-08-28,5.02
2006-08-25,5.02
2006-08-24,5.03
2006-08-23,5.02
2006-08-22,5.01
2006-08-21,5.07
2006-08-18,5.1
2006-08-17,5.1
2006-08-16,5.13
2006-08-15,5.15
2006-08-14,5.18
2006-08-11,5.16
2006-08-10,5.13
2006-08-09,5.13
2006-08-08,5.13
2006-08-07,5.14
2006-08-04,5.16
2006-08-03,5.2
2006-08-02,5.18
2006-08-01,5.19
2006-07-31,5.17
2006-07-28,5.14
2006-07-27,5.15
2006-07-26,5.18
2006-07-25,5.17
2006-07-24,5.19
2006-07-21,5.2
2006-07-20,5.22
2006-07-19,5.18
2006-07-18,5.2
2006-07-17,5.18
2006-07-14,5.17
2006-07-13,5.2
2006-07-12,5.21
2006-07-11,5.2
2006-07-10,5.24
2006-07-07,5.24
2006-07-06,5.28
2006-07-05,5.29
2006-07-04,5.25
2006-07-03,5.33
2006-06-30,5.34
2006-06-29,5.35
2006-06-28,5.39
2006-06-27,5.41
2006-06-26,5.4
2006-06-23,5.38
2006-06-22,5.3
2006-06-21,5.26
2006-06-20,5.22
2006-06-19,5.18
2006-06-16,5.16
2006-06-15,5.17
2006-06-14,5.12
2006-06-13,5.09
2006-06-12,5.08
2006-06-09,5.08
2006-06-08,5.1
2006-06-07,5.12
2006-06-06,5.12
2006-06-05,5.08
2006-06-02,5.06
2006-06-01,5.1
2006-05-31,5.1
2006-05-30,5.03
2006-05-29,4.97
2006-05-26,4.97
2006-05-25,4.99
2006-05-24,5.0
2006-05-23,4.98
2006-05-22,4.95
2006-05-19,4.96
2006-05-18,4.98
2006-05-17,4.98
2006-05-16,4.93
2006-05-15,4.97
2006-05-12,4.99
2006-05-11,4.97
2006-05-10,4.94
2006-05-09,4.96
2006-05-08,4.95
2006-05-05,4.95
2006-05-04,4.97
2006-05-03,4.95
2006-05-02,4.94
2006-05-01,4.94
2006-04-30,4.94
2006-04-28,4.93
2006-04-27,4.94
2006-04-26,4.96
2006-04-25,4.94
2006-04-24,4.9
2006-04-21,4.91
2006-04-20,4.91
2006-04-19,4.93
2006-04-18,4.95
2006-04-17,4.96
2006-04-13,4.97
2006-04-12,4.92
2006-04-11,4.91
2006-04-10,4.92
2006-04-07,4.92
2006-04-06,4.92
2006-04-05,4.9
2006-04-04,4.89
2006-04-03,4.89
2006-03-31,4.86
2006-03-30,4.84
2006-03-29,4.84
2006-03-28,4.79
2006-03-27,4.71
2006-03-24,4.71
2006-03-23,4.71
2006-03-22,4.71
2006-03-21,4.72
2006-03-20,4.7
2006-03-17,4.72
2006-03-16,4.7
2006-03-15,4.73
2006-03-14,4.72
2006-03-13,4.75
2006-03-10,4.74
2006-03-09,4.71
2006-03-08,4.71
2006-03-07,4.65
2006-03-06,4.61
2006-03-03,4.61
2006-03-02,4.58
2006-03-01,4.52
2006-02-28,4.51
2006-02-27,4.54
2006-02-24,4.53
2006-02-23,4.54
2006-02-22,4.51
2006-02-21,4.52
2006-02-20,4.51
2006-02-17,4.53
2006-02-16,4.57
2006-02-15,4.56
2006-02-14,4.57
2006-02-13,4.58
2006-02-10,4.57
2006-02-09,4.6
2006-02-08,4.6
2006-02-07,4.61
2006-02-06,4.6
2006-02-03,4.6
2006-02-02,4.62
2006-02-01,4.61
2006-01-31,4.58
2006-01-30,4.43
2006-01-27,4.43
2006-01-26,4.43
2006-01-25,4.39
2006-01-24,4.36
2006-01-23,4.36
2006-01-20,4.35
2006-01-19,4.35
2006-01-18,4.3
2006-01-17,4.28
2006-01-16,4.31
2006-01-13,4.3
2006-01-12,4.3
2006-01-11,4.32
2006-01-10,4.3
2006-01-09,4.27
2006-01-06,4.27
2006-01-05,4.28
2006-01-04,4.3
2006-01-03,4.37
2005-12-31,4.37
2005-12-30,4.38
2005-12-29,4.39
2005-12-28,4.37
2005-12-27,4.39
2005-12-23,4.4
2005-12-22,4.42
2005-12-21,4.43
2005-12-20,4.4
2005-12-19,4.39
2005-12-16,4.39
2005-12-15,4.4
2005-12-14,4.4
2005-12-13,4.42
2005-12-12,4.43
2005-12-09,4.44
2005-12-08,4.38
2005-12-07,4.39
2005-12-06,4.37
2005-12-05,4.4
2005-12-02,4.39
2005-12-01,4.41
2005-11-30,4.44
2005-11-29,4.44
2005-11-28,4.41
2005-11-25,4.41
2005-11-24,4.41
2005-11-23,4.47
2005-11-22,4.49
2005-11-21,4.5
2005-11-18,4.55
2005-11-17,4.46
2005-11-16,4.45
2005-11-15,4.52
2005-11-14,4.55
2005-11-11,4.53
2005-11-10,4.56
2005-11-09,4.56
2005-11-08,4.51
2005-11-07,4.56
2005-11-04,4.53
2005-11-03,4.5
2005-11-02,4.49
2005-11-01,4.46
2005-10-31,4.46
2005-10-28,4.47
2005-10-27,4.47
2005-10-26,4.45
2005-10-25,4.41
2005-10-24,4.39
2005-10-21,4.42
2005-10-20,4.41
2005-10-19,4.42
2005-10-18,4.4
2005-10-17,4.45
2005-10-14,4.46
2005-10-13,4.4
2005-10-12,4.29
2005-10-11,4.25
2005-10-10,4.23
2005-10-07,4.23
2005-10-06,4.21
2005-10-05,4.15
2005-10-04,4.14
2005-10-03,4.15
2005-09-30,4.12
2005-09-29,4.05
2005-09-28,4.05
2005-09-27,4.04
2005-09-26,4.04
2005-09-23,4.01
2005-09-22,3.98
2005-09-21,3.98
2005-09-20,4.01
2005-09-19,4.03
2005-09-16,4.04
2005-09-15,4.03
2005-09-14,4.02
2005-09-13,4.03
2005-09-12,4.04
2005-09-09,4.06
2005-09-08,4.09
2005-09-07,4.11
2005-09-06,4.11
2005-09-05,4.11
2005-09-02,4.12
2005-09-01,4.14
2005-08-31,4.18
2005-08-30,4.19
2005-08-29,4.18
2005-08-26,4.18
2005-08-25,4.18
2005-08-24,4.2
2005-08-23,4.2
2005-08-22,4.19
2005-08-19,4.2
2005-08-18,4.19
2005-08-17,4.21
2005-08-16,4.22
2005-08-15,4.25
2005-08-12,4.27
2005-08-11,4.3
2005-08-10,4.3
2005-08-09,4.33
2005-08-08,4.31
2005-08-05,4.3
2005-08-04,4.28
2005-08-03,4.3
2005-08-02,4.31
2005-08-01,4.3
2005-07-31,4.27
2005-07-29,4.18
2005-07-28,4.19
2005-07-27,4.19
2005-07-26,4.2
2005-07-25,4.18
2005-07-22,4.2
2005-07-21,4.23
2005-07-20,4.23
2005-07-19,4.21
2005-07-18,4.2
2005-07-15,4.22
2005-07-14,4.22
2005-07-13,4.21
2005-07-12,4.2
2005-07-11,4.21
2005-07-08,4.2
2005-07-07,4.21
2005-07-06,4.23
2005-07-05,4.22
2005-07-04,4.2
2005-07-01,4.18
2005-06-30,4.18
2005-06-29,4.11
2005-06-28,4.13
2005-06-27,4.09
2005-06-24,4.12
2005-06-23,4.12
2005-06-22,4.14
2005-06-21,4.2
2005-06-20,4.25
2005-06-17,4.26
2005-06-16,4.28
2005-06-15,4.25
2005-06-14,4.22
2005-06-13,4.21
2005-06-10,4.19
2005-06-09,4.2
2005-06-08,4.19
2005-06-07,4.21
2005-06-06,4.24
2005-06-03,4.23
2005-06-02,4.25
2005-06-01,4.28
2005-05-31,4.34
2005-05-30,4.35
2005-05-27,4.35
2005-05-26,4.36
2005-05-25,4.36
2005-05-24,4.39
2005-05-23,4.42
2005-05-20,4.44
2005-05-19,4.43
2005-05-18,4.43
2005-05-17,4.45
2005-05-16,4.43
2005-05-13,4.42
2005-05-12,4.42
2005-05-11,4.43
2005-05-10,4.42
2005-05-09,4.43
2005-05-06,4.44
2005-05-05,4.42
2005-05-04,4.45
2005-05-03,4.46
2005-05-02,4.49
2005-04-30,4.49
2005-04-29,4.37
2005-04-28,4.36
2005-04-27,4.39
2005-04-26,4.42
2005-04-25,4.42
2005-04-22,4.44
2005-04-21,4.46
2005-04-20,4.47
2005-04-19,4.48
2005-04-18,4.5
2005-04-15,4.47
2005-04-14,4.45
2005-04-13,4.42
2005-04-12,4.45
2005-04-11,4.48
2005-04-08,4.49
2005-04-07,4.49
2005-04-06,4.52
2005-04-05,4.57
2005-04-04,4.57
2005-04-01,4.57
2005-03-31,4.59
2005-03-30,4.48
2005-03-29,4.51
2005-03-28,4.5
2005-03-24,4.51
2005-03-23,4.51
2005-03-22,4.44
2005-03-21,4.42
2005-03-18,4.37
2005-03-17,4.31
2005-03-16,4.29
2005-03-15,4.23
2005-03-14,4.24
2005-03-11,4.23
2005-03-10,4.24
2005-03-09,4.2
2005-03-08,4.16
2005-03-07,4.17
2005-03-04,4.21
2005-03-03,4.24
2005-03-02,4.29
2005-03-01,4.27
2005-02-28,4.23
2005-02-25,4.12
2005-02-24,4.12
2005-02-23,4.13
2005-02-22,4.12
2005-02-21,4.13
2005-02-18,4.11
2005-02-17,4.08
2005-02-16,4.05
2005-02-15,4.04
2005-02-14,4.02
2005-02-11,4.02
2005-02-10,4.02
2005-02-09,4.05
2005-02-08,4.07
2005-02-07,4.09
2005-02-04,4.11
2005-02-03,4.12
2005-02-02,4.12
2005-02-01,4.14
2005-01-31,4.16
2005-01-28,4.17
2005-01-27,4.18
2005-01-26,4.17
2005-01-25,4.17
2005-01-24,4.18
2005-01-21,4.21
2005-01-20,4.21
2005-01-19,4.2
2005-01-18,4.2
2005-01-17,4.2
2005-01-14,4.23
2005-01-13,4.22
2005-01-12,4.25
2005-01-11,4.26
2005-01-10,4.25
2005-01-07,4.29
2005-01-06,4.32
2005-01-05,4.31
2005-01-04,4.3
2005-01-03,4.33
2004-12-31,4.33
2004-12-30,4.32
2004-12-29,4.31
2004-12-28,4.33
2004-12-27,4.29
2004-12-23,4.28
2004-12-22,4.3
2004-12-21,4.3
2004-12-20,4.28
2004-12-17,4.29
2004-12-16,4.26
2004-12-15,4.25
2004-12-14,4.29
2004-12-13,4.29
2004-12-10,4.25
2004-12-09,4.29
2004-12-08,4.31
2004-12-07,4.32
2004-12-06,4.35
2004-12-03,4.4
2004-12-02,4.41
2004-12-01,4.4
2004-11-30,4.42
2004-11-29,4.37
2004-11-26,4.34
2004-11-25,4.34
2004-11-24,4.4
2004-11-23,4.42
2004-11-22,4.43
2004-11-19,4.45
2004-11-18,4.45
2004-11-17,4.46
2004-11-16,4.47
2004-11-15,4.49
2004-11-12,4.51
2004-11-11,4.55
2004-11-10,4.58
2004-11-09,4.59
2004-11-08,4.62
2004-11-05,4.64
2004-11-04,4.76
2004-11-03,4.82
2004-11-02,4.83
2004-11-01,4.81
2004-10-31,4.84
2004-10-29,4.86
2004-10-28,4.89
2004-10-27,4.72
2004-10-26,4.84
2004-10-25,4.84
2004-10-22,4.87
2004-10-21,4.88
2004-10-20,4.9
2004-10-19,4.9
2004-10-18,4.85
2004-10-15,4.88
2004-10-14,4.88
2004-10-13,4.86
2004-10-12,4.87
2004-10-11,4.89
2004-10-08,4.92
2004-10-07,4.98
2004-10-06,4.97
2004-10-05,5.0
2004-10-04,5.02
2004-10-01,5.04
2004-09-30,5.04
2004-09-29,5.01
2004-09-28,5.01
2004-09-27,5.08
2004-09-24,5.1
2004-09-23,5.04
2004-09-22,5.05
2004-09-21,5.06
2004-09-20,5.07
2004-09-17,5.08
2004-09-16,5.11
2004-09-15,5.11
2004-09-14,5.12
2004-09-13,5.14
2004-09-10,5.21
2004-09-09,5.22
2004-09-08,5.25
2004-09-07,5.24
2004-09-06,5.22
2004-09-03,5.21
2004-09-02,5.15
2004-09-01,5.12
2004-08-31,5.04
2004-08-30,5.03
2004-08-27,5.04
2004-08-26,5.05
2004-08-25,5.06
2004-08-24,5.06
2004-08-23,5.08
2004-08-20,5.07
2004-08-19,5.09
2004-08-18,5.14
2004-08-17,5.13
2004-08-16,5.15
2004-08-13,5.15
2004-08-12,5.18
2004-08-11,5.19
2004-08-10,5.19
2004-08-09,5.21
2004-08-06,5.21
2004-08-05,5.28
2004-08-04,5.33
2004-08-03,5.35
2004-08-02,5.36
2004-07-31,5.58
2004-07-30,5.44
2004-07-29,5.52
2004-07-28,5.55
2004-07-27,5.55
2004-07-26,5.52
2004-07-23,5.51
2004-07-22,5.52
2004-07-21,5.53
2004-07-20,5.46
2004-07-19,5.48
2004-07-16,5.5
2004-07-15,5.56
2004-07-14,5.57
2004-07-13,5.58
2004-07-12,5.56
2004-07-09,5.57
2004-07-08,5.56
2004-07-07,5.57
2004-07-06,5.55
2004-07-05,5.56
2004-07-02,5.55
2004-07-01,5.6
2004-06-30,5.6
2004-06-29,5.69
2004-06-28,5.69
2004-06-25,5.66
2004-06-24,5.64
2004-06-23,5.67
2004-06-22,5.68
2004-06-21,5.67
2004-06-18,5.68
2004-06-17,5.75
2004-06-16,5.75
2004-06-15,5.77
2004-06-14,5.83
2004-06-11,5.8
2004-06-10,5.79
2004-06-09,5.75
2004-06-08,5.73
2004-06-07,5.74
2004-06-04,5.76
2004-06-03,5.75
2004-06-02,5.75
2004-06-01,5.75
2004-05-31,5.74
2004-05-28,5.68
2004-05-27,5.65
2004-05-26,5.68
2004-05-25,5.7
2004-05-24,5.73
2004-05-21,5.72
2004-05-20,5.75
2004-05-19,5.72
2004-05-18,5.7
2004-05-17,5.73
2004-05-14,5.8
2004-05-13,5.83
2004-05-12,5.76
2004-05-11,5.8
2004-05-10,5.86
2004-05-07,5.77
2004-05-06,5.63
2004-05-05,5.54
2004-05-04,5.54
2004-05-03,5.51
2004-04-30,5.51
2004-04-29,5.3
2004-04-28,5.23
2004-04-27,5.18
2004-04-26,5.16
2004-04-23,5.17
2004-04-22,5.18
2004-04-21,5.15
2004-04-20,5.07
2004-04-19,5.05
2004-04-16,5.09
2004-04-15,5.1
2004-04-14,5.09
2004-04-13,5.11
2004-04-12,5.04
2004-04-08,5.06
2004-04-07,5.04
2004-04-06,5.06
2004-04-05,5.08
2004-04-02,5.05
2004-04-01,4.99
2004-03-31,4.95
2004-03-30,4.88
2004-03-29,4.94
2004-03-26,4.88
2004-03-25,4.85
2004-03-24,4.87
2004-03-23,4.88
2004-03-22,4.9
2004-03-19,4.91
2004-03-18,4.92
2004-03-17,4.94
2004-03-16,4.97
2004-03-15,4.96
2004-03-12,4.97
2004-03-11,4.95
2004-03-10,4.97
2004-03-09,4.97
2004-03-08,5.01
2004-03-05,5.06
2004-03-04,5.11
2004-03-03,5.15
2004-03-02,5.12
2004-03-01,5.2
2004-02-29,5.22
2004-02-27,5.15
2004-02-26,5.19
2004-02-25,5.14
2004-02-24,5.18
2004-02-23,5.21
2004-02-20,5.2
2004-02-19,5.18
2004-02-18,5.14
2004-02-17,5.16
2004-02-16,5.19
2004-02-13,5.2
2004-02-12,5.26
2004-02-11,5.33
2004-02-10,5.33
2004-02-09,5.34
2004-02-06,5.39
2004-02-05,5.38
2004-02-04,5.38
2004-02-03,5.42
2004-02-02,5.45
2004-01-31,5.43
2004-01-30,5.35
2004-01-29,5.38
2004-01-28,5.22
2004-01-27,5.22
2004-01-26,5.22
2004-01-23,5.18
2004-01-22,5.19
2004-01-21,5.19
2004-01-20,5.19
2004-01-19,5.17
2004-01-16,5.17
2004-01-15,5.18
2004-01-14,5.18
2004-01-13,5.13
2004-01-12,5.13
2004-01-09,5.19
2004-01-08,5.25
2004-01-07,5.28
2004-01-06,5.32
2004-01-05,5.4
2004-01-02,5.41
2003-12-31,5.41
2003-12-30,5.35
2003-12-29,5.34
2003-12-26,5.33
2003-12-24,5.34
2003-12-23,5.34
2003-12-22,5.33
2003-12-19,5.35
2003-12-18,5.35
2003-12-17,5.35
2003-12-16,5.38
2003-12-15,5.41
2003-12-12,5.43
2003-12-11,5.47
2003-12-10,5.43
2003-12-09,5.44
2003-12-08,5.45
2003-12-05,5.47
2003-12-04,5.52
2003-12-03,5.52
2003-12-02,5.6
2003-12-01,5.64
2003-11-30,5.63
2003-11-28,5.63
2003-11-27,5.7
2003-11-26,5.69
2003-11-25,5.67
2003-11-24,5.66
2003-11-21,5.52
2003-11-20,5.57
2003-11-19,5.59
2003-11-18,5.56
2003-11-17,5.58
2003-11-14,5.6
2003-11-13,5.62
2003-11-12,5.69
2003-11-11,5.7
2003-11-10,5.68
2003-11-07,5.73
2003-11-06,5.7
2003-11-05,5.65
2003-11-04,5.65
2003-11-03,5.69
2003-10-31,5.65
2003-10-30,5.57
2003-10-29,5.6
2003-10-28,5.61
2003-10-27,5.6
2003-10-24,5.56
2003-10-23,5.58
2003-10-22,5.55
2003-10-21,5.53
2003-10-20,5.56
2003-10-17,5.52
2003-10-16,5.47
2003-10-15,5.51
2003-10-14,5.52
2003-10-13,5.51
2003-10-10,5.5
2003-10-09,5.54
2003-10-08,5.58
2003-10-07,5.63
2003-10-06,5.63
2003-10-03,5.65
2003-10-02,5.6
2003-10-01,5.51
2003-09-30,5.52
2003-09-29,5.27
2003-09-26,5.26
2003-09-25,5.28
2003-09-24,5.32
2003-09-23,5.35
2003-09-22,5.35
2003-09-19,5.36
2003-09-18,5.38
2003-09-17,5.4
2003-09-16,5.39
2003-09-15,5.42
2003-09-12,5.45
2003-09-11,5.48
2003-09-10,5.49
2003-09-09,5.48
2003-09-08,5.47
2003-09-05,5.55
2003-09-04,5.62
2003-09-03,5.6
2003-09-02,5.65
2003-09-01,5.58
2003-08-31,5.59
2003-08-29,5.54
2003-08-28,5.51
2003-08-27,5.62
2003-08-26,5.46
2003-08-25,5.47
2003-08-22,5.48
2003-08-21,5.48
2003-08-20,5.46
2003-08-19,5.5
2003-08-18,5.49
2003-08-15,5.53
2003-08-14,5.56
2003-08-13,5.5
2003-08-12,5.48
2003-08-11,5.49
2003-08-08,5.48
2003-08-07,5.54
2003-08-06,5.57
2003-08-05,5.56
2003-08-04,5.53
2003-08-01,5.47
2003-07-31,5.35
2003-07-30,5.25
2003-07-29,5.2
2003-07-28,5.18
2003-07-25,5.13
2003-07-24,5.17
2003-07-23,5.16
2003-07-22,5.2
2003-07-21,5.2
2003-07-18,5.23
2003-07-17,5.29
2003-07-16,5.28
2003-07-15,5.21
2003-07-14,5.15
2003-07-11,5.21
2003-07-10,5.22
2003-07-09,5.25
2003-07-08,5.27
2003-07-07,5.25
2003-07-04,5.22
2003-07-03,5.23
2003-07-02,5.18
2003-07-01,5.17
2003-06-30,5.2
2003-06-27,5.21
2003-06-26,5.18
2003-06-25,5.02
2003-06-24,5.05
2003-06-23,5.09
2003-06-20,5.05
2003-06-19,5.03
2003-06-18,4.97
2003-06-17,4.91
2003-06-16,4.87
2003-06-13,4.89
2003-06-12,4.9
2003-06-11,4.93
2003-06-10,4.94
2003-06-09,4.99
2003-06-06,5.03
2003-06-05,5.06
2003-06-04,5.13
2003-06-03,5.17
2003-06-02,5.24
2003-05-31,5.24
2003-05-30,5.28
2003-05-29,5.34
2003-05-28,5.39
2003-05-27,5.33
2003-05-26,5.34
2003-05-23,5.34
2003-05-22,5.44
2003-05-21,5.48
2003-05-20,5.5
2003-05-19,5.48
2003-05-16,5.52
2003-05-15,5.44
2003-05-14,5.43
2003-05-13,5.42
2003-05-12,5.45
2003-05-09,5.5
2003-05-08,5.47
2003-05-07,5.52
2003-05-06,5.55
2003-05-05,5.6
2003-05-02,5.6
2003-05-01,5.67
2003-04-30,5.7
2003-04-29,5.7
2003-04-28,5.69
2003-04-25,5.74
2003-04-24,5.75
2003-04-23,5.79
2003-04-22,5.85
2003-04-21,5.89
2003-04-17,5.9
2003-04-16,5.92
2003-04-15,5.94
2003-04-14,6.03
2003-04-11,6.04
2003-04-10,6.0
2003-04-09,6.04
2003-04-08,6.01
2003-04-07,6.06
2003-04-04,6.14
2003-04-03,6.14
2003-04-02,6.21
2003-04-01,6.27
2003-03-31,6.31
2003-03-28,6.32
2003-03-27,6.36
2003-03-26,6.38
2003-03-25,6.39
2003-03-24,6.4
2003-03-21,6.48
2003-03-20,6.45
2003-03-19,6.49
2003-03-18,6.4
2003-03-17,6.44
2003-03-14,6.35
2003-03-13,6.31
2003-03-12,6.28
2003-03-11,6.23
2003-03-10,6.22
2003-03-07,6.2
2003-03-06,6.23
2003-03-05,6.28
2003-03-04,6.3
2003-03-03,6.29
2003-02-28,6.33
2003-02-27,6.55
2003-02-26,6.53
2003-02-25,6.56
2003-02-24,6.53
2003-02-21,6.66
2003-02-20,6.58
2003-02-19,6.66
2003-02-18,6.76
2003-02-17,6.7
2003-02-14,6.74
2003-02-13,6.75
2003-02-12,6.76
2003-02-11,6.79
2003-02-10,6.82
2003-02-07,6.86
2003-02-06,6.9
2003-02-05,6.94
2003-02-04,6.91
2003-02-03,6.95
2003-01-31,6.95
2003-01-30,8.73
2003-01-29,8.74
2003-01-28,8.79
2003-01-27,8.73
2003-01-24,8.77
2003-01-23,8.74
2003-01-22,8.82
2003-01-21,8.75
2003-01-20,8.68
2003-01-17,8.69
2003-01-16,8.72
2003-01-15,8.75
2003-01-14,8.77
2003-01-13,8.79
2003-01-10,8.81
2003-01-09,8.82
2003-01-08,8.85
2003-01-07,8.95
2003-01-06,9.04
2003-01-03,9.16
2003-01-02,9.22
2002-12-31,9.14
2002-12-30,9.7
2002-12-27,9.76
2002-12-26,9.71
2002-12-24,9.7
2002-12-23,9.7
2002-12-20,9.72
2002-12-19,9.75
2002-12-18,9.77
2002-12-17,9.75
2002-12-16,9.78
2002-12-13,9.78
2002-12-12,9.8
2002-12-11,9.96
2002-12-10,9.98
2002-12-09,9.97
2002-12-06,9.96
2002-12-05,9.98
2002-12-04,9.97
2002-12-03,9.98
2002-12-02,10.03
2002-11-30,10.04
2002-11-29,9.52
2002-11-28,9.52
2002-11-27,9.54
2002-11-26,9.65
2002-11-25,9.66
2002-11-22,9.67
2002-11-21,9.7
2002-11-20,9.67
2002-11-19,9.78
2002-11-18,9.8
2002-11-15,9.82
2002-11-14,9.91
2002-11-13,9.92
2002-11-12,9.92
2002-11-11,9.95
2002-11-08,10.0
2002-11-07,10.11
2002-11-06,10.13
2002-11-05,10.07
2002-11-04,10.0
2002-11-01,10.08
2002-10-31,10.09
2002-10-30,10.11
2002-10-29,10.13
2002-10-28,10.13
2002-10-25,10.25
2002-10-24,10.27
2002-10-23,10.3
2002-10-22,10.32
2002-10-21,10.36
2002-10-18,10.41
2002-10-17,10.38
2002-10-16,10.44
2002-10-15,10.48
2002-10-14,10.37
2002-10-11,10.37
2002-10-10,10.41
2002-10-09,10.36
2002-10-08,10.23
2002-10-07,10.2
2002-10-04,10.14
2002-10-03,10.19
2002-10-02,10.17
2002-10-01,10.19
2002-09-30,10.25
2002-09-27,10.15
2002-09-26,10.18
2002-09-25,10.16
2002-09-24,10.16
2002-09-23,10.12
2002-09-20,10.03
2002-09-19,9.94
2002-09-18,9.98
2002-09-17,9.91
2002-09-16,9.89
2002-09-13,9.91
2002-09-12,9.96
2002-09-11,10.01
2002-09-10,10.02
2002-09-09,10.04
2002-09-06,10.01
2002-09-05,10.02
2002-09-04,10.04
2002-09-03,9.97
2002-09-02,10.06
2002-08-31,10.09
2002-08-30,10.52
2002-08-29,10.58
2002-08-28,10.62
2002-08-27,10.66
2002-08-26,10.71
2002-08-23,10.7
2002-08-22,10.81
2002-08-21,10.84
2002-08-20,10.79
2002-08-19,10.91
2002-08-16,10.9
2002-08-15,10.9
2002-08-14,10.9
2002-08-13,10.96
2002-08-12,10.91
2002-08-09,10.81
2002-08-08,10.72
2002-08-07,10.89
2002-08-06,10.96
2002-08-05,10.85
2002-08-02,10.9
2002-08-01,11.03
2002-07-31,11.13
2002-07-30,11.55
2002-07-29,11.4
2002-07-26,11.35
2002-07-25,11.24
2002-07-24,11.25
2002-07-23,11.13
2002-07-22,11.06
2002-07-19,11.0
2002-07-18,11.15
2002-07-17,11.23
2002-07-16,11.2
2002-07-15,11.19
2002-07-12,11.25
2002-07-11,11.31
2002-07-10,11.29
2002-07-09,11.36
2002-07-08,11.44
2002-07-05,11.39
2002-07-04,11.32
2002-07-03,11.34
2002-07-02,11.27
2002-07-01,11.29
2002-06-30,11.34
2002-06-28,11.32
2002-06-27,11.34
2002-06-26,11.42
2002-06-25,11.11
2002-06-24,11.38
2002-06-21,11.1
2002-06-20,10.73
2002-06-19,10.56
2002-06-18,10.54
2002-06-17,10.58
2002-06-14,10.58
2002-06-13,10.54
2002-06-12,10.62
2002-06-11,10.55
2002-06-10,10.54
2002-06-07,10.48
2002-06-06,10.58
2002-06-05,10.36
2002-06-04,10.15
2002-06-03,10.19
2002-05-31,10.19
2002-05-30,10.49
2002-05-29,10.49
2002-05-28,10.53
2002-05-27,10.49
2002-05-24,10.46
2002-05-23,10.46
2002-05-22,10.5
2002-05-21,10.45
2002-05-20,10.44
2002-05-17,10.47
2002-05-16,10.5
2002-05-15,10.44
2002-05-14,10.44
2002-05-13,10.29
2002-05-10,10.3
2002-05-09,10.25
2002-05-08,10.2
2002-05-07,10.15
2002-05-06,10.06
2002-05-03,10.07
2002-05-02,10.06
2002-05-01,9.99
2002-04-30,9.93
2002-04-29,11.72
2002-04-26,11.74
2002-04-25,11.75
2002-04-24,11.76
2002-04-23,11.78
2002-04-22,11.78
2002-04-19,11.8
2002-04-18,11.82
2002-04-17,11.81
2002-04-16,11.81
2002-04-15,11.88
2002-04-12,11.8
2002-04-11,11.79
2002-04-10,11.74
2002-04-09,11.77
2002-04-08,11.78
2002-04-05,11.73
2002-04-04,11.92
2002-04-03,11.94
2002-04-02,12.13
2002-04-01,12.13
2002-03-31,12.12
2002-03-28,11.99
2002-03-27,12.15
2002-03-26,12.16
2002-03-25,12.16
2002-03-22,12.13
2002-03-21,12.09
2002-03-20,12.08
2002-03-19,12.02
2002-03-18,12.0
2002-03-15,12.03
2002-03-14,11.96
2002-03-13,12.14
2002-03-12,11.99
2002-03-11,11.98
2002-03-08,12.0
2002-03-07,11.98
2002-03-06,11.96
2002-03-05,11.87
2002-03-04,11.91
2002-03-01,11.91
2002-02-28,11.98
2002-02-27,12.56
2002-02-26,12.78
2002-02-25,12.71
2002-02-22,12.62
2002-02-21,12.65
2002-02-20,12.64
2002-02-19,12.6
2002-02-18,12.6
2002-02-15,12.6
2002-02-14,12.58
2002-02-13,12.6
2002-02-12,12.53
2002-02-11,12.52
2002-02-08,12.54
2002-02-07,12.73
2002-02-06,12.65
2002-02-05,12.68
2002-02-04,12.65
2002-02-01,12.56
2002-01-31,12.7
2002-01-30,14.37
2002-01-29,14.18
2002-01-28,14.16
2002-01-25,14.1
2002-01-24,14.5
2002-01-23,14.47
2002-01-22,14.33
2002-01-21,14.3
2002-01-18,14.32
2002-01-17,14.2
2002-01-16,14.17
2002-01-15,14.15
2002-01-14,14.17
2002-01-11,14.14
2002-01-10,14.13
2002-01-09,14.15
2002-01-08,14.11
2002-01-07,14.1
2002-01-04,14.21
2002-01-03,14.21
2002-01-02,14.26
2001-12-31,14.13
2001-12-28,14.19
2001-12-27,14.01
2001-12-26,13.53
2001-12-24,13.51
2001-12-21,13.48
2001-12-20,13.26
2001-12-19,13.18
2001-12-18,13.21
2001-12-17,13.17
2001-12-14,13.06
2001-12-13,13.02
2001-12-12,12.87
2001-12-11,12.92
2001-12-10,12.96
2001-12-07,12.72
2001-12-06,12.63
2001-12-05,12.57
2001-12-04,12.46
2001-12-03,12.4
2001-11-30,12.41
2001-11-29,11.71
2001-11-28,11.67
2001-11-27,11.73
2001-11-26,11.9
2001-11-23,11.86
2001-11-22,11.7
2001-11-21,11.69
2001-11-20,11.77
2001-11-19,11.76
2001-11-16,11.73
2001-11-15,11.72
2001-11-14,11.76
2001-11-13,11.72
2001-11-12,11.78
2001-11-09,11.78
2001-11-08,11.77
2001-11-07,11.73
2001-11-06,11.76
2001-11-05,11.72
2001-11-02,11.54
2001-11-01,11.72
2001-10-31,11.75
2001-10-30,12.27
2001-10-29,11.84
2001-10-26,11.65
2001-10-25,11.71
2001-10-24,11.73
2001-10-23,11.53
2001-10-22,11.57
2001-10-19,11.5
2001-10-18,11.58
2001-10-17,11.62
2001-10-16,11.62
2001-10-15,11.6
2001-10-12,11.59
2001-10-11,11.64
2001-10-10,11.67
2001-10-09,11.28
2001-10-08,11.26
2001-10-05,11.29
2001-10-04,11.2
2001-10-03,11.24
2001-10-02,11.06
2001-10-01,11.05
2001-09-30,11.1
2001-09-28,11.0
2001-09-27,10.97
2001-09-26,11.13
2001-09-25,11.05
2001-09-24,11.19
2001-09-21,11.07
2001-09-20,10.97
2001-09-19,10.48
2001-09-18,10.58
2001-09-17,10.48
2001-09-14,10.4
2001-09-10,10.18
2001-09-07,10.12
2001-09-06,10.12
2001-09-05,10.1
2001-09-04,10.15
2001-09-03,10.06
2001-08-31,10.09
2001-08-30,10.22
2001-08-29,10.3
2001-08-28,10.32
2001-08-27,10.41
2001-08-24,10.39
2001-08-23,10.4
2001-08-22,10.0
2001-08-21,9.96
2001-08-20,9.95
2001-08-17,9.9
2001-08-16,9.92
2001-08-15,10.18
2001-08-14,10.17
2001-08-13,10.17
2001-08-10,10.18
2001-08-09,10.17
2001-08-08,10.22
2001-08-07,10.23
2001-08-06,10.15
2001-08-03,10.09
2001-08-02,10.3
2001-08-01,10.31
2001-07-31,10.51
2001-07-30,10.5
2001-07-27,10.51
2001-07-26,10.22
2001-07-25,10.25
2001-07-24,10.25
2001-07-23,10.25
2001-07-20,11.13
2001-07-19,10.34
2001-07-18,10.3
2001-07-17,10.25
2001-07-16,9.93
2001-07-13,9.93
2001-07-12,9.24
2001-07-11,8.88
2001-07-10,8.69
2001-07-09,8.69
2001-07-06,8.64
2001-07-05,8.59
2001-07-04,8.57
2001-07-03,8.55
2001-07-02,8.53
2001-06-30,8.59
2001-06-29,8.56
2001-06-28,8.49
2001-06-27,8.45
2001-06-26,8.45
2001-06-25,8.44
2001-06-22,8.44
2001-06-21,8.47
2001-06-20,8.46
2001-06-19,8.4
2001-06-18,8.36
2001-06-15,8.29
2001-06-14,8.33
2001-06-13,8.34
2001-06-12,8.31
2001-06-11,8.28
2001-06-08,8.28
2001-06-07,8.27
2001-06-06,8.28
2001-06-05,8.3
2001-06-04,8.38
2001-06-01,8.39
2001-05-31,8.44
2001-05-30,8.34
2001-05-29,8.4
2001-05-28,8.46
2001-05-25,8.47
2001-05-24,8.5
2001-05-23,8.51
2001-05-22,8.54
2001-05-21,8.51
2001-05-18,8.5
2001-05-17,8.54
2001-05-16,8.56
2001-05-15,8.53
2001-05-14,8.51
2001-05-11,8.47
2001-05-10,8.48
2001-05-09,8.49
2001-05-08,8.5
2001-05-07,8.56
2001-05-04,8.57
2001-05-03,8.59
2001-05-02,8.6
2001-05-01,8.7
2001-04-30,8.68
2001-04-27,8.54
2001-04-26,8.51
2001-04-25,8.57
2001-04-24,8.47
2001-04-23,8.4
2001-04-20,8.2
2001-04-19,8.25
2001-04-18,8.27
2001-04-17,8.26
2001-04-16,8.26
2001-04-12,8.26
2001-04-11,8.26
2001-04-10,8.19
2001-04-09,8.16
2001-04-06,8.22
2001-04-05,8.25
2001-04-04,8.26
2001-04-03,8.28
2001-04-02,8.23
2001-03-31,8.28
2001-03-30,8.26
2001-03-29,8.23
2001-03-28,8.22
2001-03-27,8.25
2001-03-26,8.28
2001-03-23,8.37
2001-03-22,8.3
2001-03-21,8.22
2001-03-20,8.21
2001-03-19,8.08
2001-03-16,8.04
2001-03-15,8.07
2001-03-14,8.08
2001-03-13,8.1
2001-03-12,8.07
2001-03-09,8.07
2001-03-08,8.1
2001-03-07,8.1
2001-03-06,8.1
2001-03-05,8.11
2001-03-02,8.12
2001-03-01,8.08
2001-02-28,8.08
2001-02-27,7.77
2001-02-26,7.82
2001-02-23,7.82
2001-02-22,7.81
2001-02-21,7.79
2001-02-20,7.74
2001-02-19,7.74
2001-02-16,7.74
2001-02-15,7.76
2001-02-14,7.72
2001-02-13,7.71
2001-02-12,7.71
2001-02-09,7.56
2001-02-08,7.57
2001-02-07,7.57
2001-02-06,7.59
2001-02-05,7.56
2001-02-02,7.59
2001-02-01,7.6
2001-01-31,7.62
2001-01-30,7.66
2001-01-29,7.68
2001-01-26,7.7
2001-01-25,7.72
2001-01-24,7.71
2001-01-23,7.72
2001-01-22,7.76
2001-01-19,7.77
2001-01-18,7.82
2001-01-17,7.85
2001-01-16,7.85
2001-01-15,7.87
2001-01-12,7.86
2001-01-11,7.81
2001-01-10,7.88
2001-01-09,7.82
2001-01-08,7.8
2001-01-05,7.86
2001-01-04,7.91
2001-01-03,7.99
2001-01-02,8.04
2000-12-31,8.1
2000-12-29,8.08
2000-12-28,8.12
2000-12-27,8.1
2000-12-26,8.11
2000-12-22,8.11
2000-12-21,8.11
2000-12-20,8.1
2000-12-19,8.16
2000-12-18,8.18
2000-12-15,8.19
2000-12-14,8.26
2000-12-13,8.27
2000-12-12,8.31
2000-12-11,8.3
2000-12-08,8.33
2000-12-07,8.32
2000-12-06,8.29
2000-12-05,8.33
2000-12-04,8.32
2000-12-01,8.33
2000-11-30,8.37
2000-11-29,8.32
2000-11-28,8.31
2000-11-27,8.33
2000-11-24,8.34
2000-11-23,8.33
2000-11-22,8.33
2000-11-21,8.31
2000-11-20,8.28
2000-11-17,8.21
2000-11-16,8.2
2000-11-15,8.21
2000-11-14,8.26
2000-11-13,8.24
2000-11-10,8.24
2000-11-09,8.26
2000-11-08,8.31
2000-11-07,8.31
2000-11-06,8.29
2000-11-03,8.28
2000-11-02,8.29
2000-11-01,8.31
2000-10-31,8.31
2000-10-30,8.19
2000-10-27,8.17
2000-10-26,8.2
2000-10-25,8.18
2000-10-24,8.16
2000-10-23,8.15
2000-10-20,8.16
2000-10-19,8.18
2000-10-18,8.18
2000-10-17,8.08
2000-10-16,8.06
2000-10-13,8.02
2000-10-12,8.01
2000-10-11,7.97
2000-10-10,7.95
2000-10-09,7.92
2000-10-06,7.93
2000-10-05,7.93
2000-10-04,7.92
2000-10-03,7.92
2000-10-02,7.89
2000-09-30,7.88
2000-09-29,7.88
2000-09-28,7.87
2000-09-27,7.88
2000-09-26,7.85
2000-09-25,7.83
2000-09-22,7.82
2000-09-21,7.84
2000-09-20,7.81
2000-09-19,7.78
2000-09-18,7.77
2000-09-15,7.76
2000-09-14,7.75
2000-09-13,7.76
2000-09-12,7.76
2000-09-11,7.76
2000-09-08,7.76
2000-09-07,7.75
2000-09-06,7.74
2000-09-05,7.72
2000-09-04,7.7
2000-09-01,7.71
2000-08-31,7.75
2000-08-30,7.85
2000-08-29,7.85
2000-08-28,7.84
2000-08-25,7.84
2000-08-24,7.83
2000-08-23,7.81
2000-08-22,7.83
2000-08-21,7.82
2000-08-18,7.79
2000-08-17,7.81
2000-08-16,7.81
2000-08-15,7.8
2000-08-14,7.77
2000-08-11,7.76
2000-08-10,7.75
2000-08-09,7.79
2000-08-08,7.8
2000-08-07,7.78
2000-08-04,7.8
2000-08-03,7.81
2000-08-02,7.79
2000-08-01,7.79
2000-07-31,7.81
2000-07-28,7.81
2000-07-27,7.8
2000-07-26,7.79
2000-07-25,7.82
2000-07-24,7.85
2000-07-21,7.84
2000-07-20,7.84
2000-07-19,7.85
2000-07-18,7.86
2000-07-17,7.87
2000-07-14,7.88
2000-07-13,7.86
2000-07-12,7.86
2000-07-11,7.87
2000-07-10,7.89
2000-07-07,7.88
2000-07-06,7.91
2000-07-05,7.86
2000-07-04,7.88
2000-07-03,7.88
2000-06-30,7.85
2000-06-29,7.53
2000-06-28,7.51
2000-06-27,7.52
2000-06-26,7.53
2000-06-23,7.52
2000-06-22,7.5
2000-06-21,7.48
2000-06-20,7.45
2000-06-19,7.44
2000-06-16,7.42
2000-06-15,7.48
2000-06-14,7.51
2000-06-13,7.5
2000-06-12,7.54
2000-06-09,7.54
2000-06-08,7.54
2000-06-07,7.47
2000-06-06,7.48
2000-06-05,7.47
2000-06-02,7.49
2000-06-01,7.55
2000-05-31,7.58
2000-05-30,7.81
2000-05-29,7.78
2000-05-26,7.75
2000-05-25,7.78
2000-05-24,7.81
2000-05-23,7.83
2000-05-22,7.78
2000-05-19,7.83
2000-05-18,7.79
2000-05-17,7.79
2000-05-16,7.73
2000-05-15,7.72
2000-05-12,7.82
2000-05-11,7.75
2000-05-10,7.68
2000-05-09,7.67
2000-05-08,7.7
2000-05-05,7.71
2000-05-04,7.72
2000-05-03,7.63
2000-05-02,7.63
2000-05-01,7.61
2000-04-30,7.61
2000-04-28,7.8
2000-04-27,7.78
2000-04-26,7.78
2000-04-25,7.82
2000-04-24,7.77
2000-04-20,7.77
2000-04-19,7.76
2000-04-18,7.79
2000-04-17,7.78
2000-04-14,7.75
2000-04-13,7.72
2000-04-12,7.7
2000-04-11,7.66
2000-04-10,7.7
2000-04-07,7.76
2000-04-06,7.7
2000-04-05,7.7
2000-04-04,7.78
2000-04-03,7.8
2000-03-31,7.73
2000-03-30,7.82
2000-03-29,7.88
2000-03-28,7.86
2000-03-27,7.88
2000-03-24,7.89
2000-03-23,7.93
2000-03-22,7.89
2000-03-21,7.88
2000-03-20,7.88
2000-03-17,7.88
2000-03-16,7.9
2000-03-15,7.97
2000-03-14,7.98
2000-03-13,7.97
2000-03-10,7.97
2000-03-09,7.97
2000-03-08,7.97
2000-03-07,7.98
2000-03-06,7.98
2000-03-03,8.0
2000-03-02,8.01
2000-03-01,8.0
2000-02-29,8.01
2000-02-28,8.18
2000-02-25,8.14
2000-02-24,8.15
2000-02-23,8.15
2000-02-22,8.14
2000-02-21,8.23
2000-02-18,8.24
2000-02-17,8.23
2000-02-16,8.22
2000-02-15,8.21
2000-02-14,8.24
2000-02-11,8.26
2000-02-10,8.26
2000-02-09,8.24
2000-02-08,8.26
2000-02-07,8.28
2000-02-04,8.28
2000-02-03,8.27
2000-02-02,8.26
2000-02-01,8.31
2000-01-31,8.26
2000-01-28,8.24
2000-01-27,8.24
2000-01-26,8.22
2000-01-25,8.2
2000-01-24,8.23
2000-01-21,8.23
2000-01-20,8.26
2000-01-19,8.22
2000-01-18,8.26
2000-01-17,8.24
2000-01-14,8.21
2000-01-13,8.23
2000-01-12,8.24
2000-01-11,8.22
2000-01-10,8.19
2000-01-07,8.21
2000-01-06,8.3
2000-01-05,8.29
2000-01-04,8.27
2000-01-03,8.27
1999-12-31,8.22
1999-12-30,8.22
1999-12-29,8.17
1999-12-28,8.2
1999-12-27,8.19
1999-12-24,8.18
1999-12-23,8.18
1999-12-22,8.19
1999-12-21,8.16
1999-12-20,8.17
1999-12-17,8.17
1999-12-16,8.14
1999-12-15,8.08
1999-12-14,8.11
1999-12-13,8.09
1999-12-10,8.07
1999-12-09,8.15
1999-12-08,8.17
1999-12-07,8.26
1999-12-06,8.29
1999-12-03,8.33
1999-12-02,8.38
1999-12-01,8.35
1999-11-30,8.38
1999-11-29,8.01
1999-11-26,7.96
1999-11-25,7.93
1999-11-24,7.93
1999-11-23,7.87
1999-11-22,7.88
1999-11-19,7.87
1999-11-18,7.9
1999-11-17,7.9
1999-11-16,7.81
1999-11-15,7.87
1999-11-12,7.81
1999-11-11,7.86
1999-11-10,7.9
1999-11-09,7.92
1999-11-08,7.93
1999-11-05,7.95
1999-11-04,7.98
1999-11-03,8.04
1999-11-02,8.02
1999-11-01,8.04
1999-10-31,8.0
1999-10-29,8.38
1999-10-28,8.43
1999-10-27,8.46
1999-10-26,8.43
1999-10-25,8.46
1999-10-22,8.44
1999-10-21,8.42
1999-10-20,8.44
1999-10-19,8.42
1999-10-18,8.42
1999-10-15,8.41
1999-10-14,8.41
1999-10-13,8.37
1999-10-12,8.39
1999-10-11,8.44
1999-10-08,8.42
1999-10-07,8.41
1999-10-06,8.4
1999-10-05,8.39
1999-10-04,8.41
1999-10-01,8.4
1999-09-30,8.36
1999-09-29,8.43
1999-09-28,8.42
1999-09-27,8.39
1999-09-24,8.39
1999-09-23,8.26
1999-09-22,8.27
1999-09-21,8.26
1999-09-20,8.25
1999-09-17,8.25
1999-09-16,8.27
1999-09-15,8.28
1999-09-14,8.27
1999-09-13,8.21
1999-09-10,8.22
1999-09-09,8.26
1999-09-08,8.2
1999-09-07,8.17
1999-09-06,8.15
1999-09-03,8.14
1999-09-02,8.18
1999-09-01,8.13
1999-08-31,8.05
1999-08-30,7.63
1999-08-27,7.63
1999-08-26,7.64
1999-08-25,7.64
1999-08-24,7.64
1999-08-23,7.64
1999-08-20,7.63
1999-08-19,7.66
1999-08-18,7.66
1999-08-17,7.65
1999-08-16,7.66
1999-08-13,7.55
1999-08-12,7.55
1999-08-11,7.55
1999-08-10,7.55
1999-08-09,7.57
1999-08-06,7.51
1999-08-05,7.51
1999-08-04,7.49
1999-08-03,7.49
1999-08-02,7.46
1999-07-31,7.29
1999-07-30,7.64
1999-07-29,7.65
1999-07-28,7.62
1999-07-27,7.61
1999-07-26,7.57
1999-07-23,7.61
1999-07-22,7.46
1999-07-21,7.55
1999-07-20,7.57
1999-07-19,7.69
1999-07-16,7.65
1999-07-15,7.67
1999-07-14,7.6
1999-07-13,7.66
1999-07-12,7.54
1999-07-09,7.48
1999-07-08,7.5
1999-07-07,7.47
1999-07-06,7.45
1999-07-05,7.42
1999-07-02,7.41
1999-07-01,7.36
1999-06-30,7.36
1999-06-29,7.36
1999-06-28,7.23
1999-06-25,7.24
1999-06-24,7.22
1999-06-23,7.19
1999-06-22,7.18
1999-06-21,7.17
1999-06-18,7.15
1999-06-17,7.18
1999-06-16,7.32
1999-06-15,7.33
1999-06-14,7.28
1999-06-11,7.35
1999-06-10,7.36
1999-06-09,7.3
1999-06-08,7.31
1999-06-07,7.34
1999-06-04,7.35
1999-06-03,7.35
1999-06-02,7.29
1999-06-01,7.45
1999-05-31,7.69
1999-05-28,7.65
1999-05-27,7.64
1999-05-26,7.63
1999-05-25,7.72
1999-05-24,7.39
1999-05-21,7.33
1999-05-20,7.31
1999-05-19,7.28
1999-05-18,7.22
1999-05-17,7.22
1999-05-14,7.23
1999-05-13,7.24
1999-05-12,7.24
1999-05-11,7.23
1999-05-10,7.22
1999-05-07,7.29
1999-05-06,7.32
1999-05-05,7.3
1999-05-04,7.28
1999-05-03,7.35
1999-04-30,7.35
1999-04-29,9.6
1999-04-28,9.6
1999-04-27,9.96
1999-04-26,9.96
1999-04-23,10.08
1999-04-22,10.62
1999-04-21,10.62
1999-04-20,10.62
1999-04-19,10.62
1999-04-16,10.61
1999-04-15,10.61
1999-04-14,10.72
1999-04-13,10.72
1999-04-12,10.84
1999-04-09,11.0
1999-04-08,11.0
1999-04-07,11.05
1999-04-06,11.38
1999-04-05,11.51
1999-04-02,11.5
1999-04-01,11.5
1999-03-31,11.79
1999-03-30,11.79
1999-03-29,10.95
1999-03-26,11.51
1999-03-25,11.51
1999-03-24,11.51
1999-03-23,11.51
1999-03-22,11.5
1999-03-19,11.5
1999-03-18,11.5
1999-03-17,11.5
1999-03-16,11.49
1999-03-15,11.49
1999-03-12,11.49
1999-03-11,11.48
1999-03-10,11.48
1999-03-09,11.48
1999-03-08,11.48
1999-03-05,11.47
1999-03-04,11.47
1999-03-03,11.47
1999-03-02,11.47
1999-03-01,11.47
1999-02-28,11.47
1999-02-26,11.46
1999-02-25,11.46
1999-02-24,11.46
1999-02-23,11.46
1999-02-22,11.46
1999-02-19,11.45
1999-02-18,11.45
1999-02-17,11.45
1999-02-16,11.45
1999-02-15,11.44
1999-02-12,11.44
1999-02-11,11.44
1999-02-10,11.44
1999-02-09,11.43
1999-02-08,11.43
1999-02-05,11.43
1999-02-04,11.43
1999-02-03,11.43
1999-02-02,11.42
1999-02-01,11.42
1999-01-31,11.42
1999-01-29,11.42
1999-01-28,11.42
1999-01-27,11.41
1999-01-26,11.41
1999-01-25,11.41
1999-01-22,11.41
1999-01-21,11.41
1999-01-20,11.4
1999-01-19,11.4
1999-01-18,11.4
1999-01-15,11.4
1999-01-14,11.39
1999-01-13,11.39
1999-01-12,11.39
1999-01-11,11.39
1999-01-08,11.39
1999-01-07,11.38
1999-01-06,11.38
1999-01-05,11.38
1999-01-04,11.38
1998-12-31,11.37
